Copyright 1986-2022 Xilinx, Inc. All Rights Reserved. Copyright 2022-2025 Advanced Micro Devices, Inc. All Rights Reserved.
---------------------------------------------------------------------------------------------------------------------------------------------
| Tool Version : Vivado v.2025.1 (win64) Build 6140274 Thu May 22 00:12:29 MDT 2025
| Date         : Thu Sep 17 20:07:50 2026
| Host         : XiaomiROG running 64-bit major release  (build 9200)
| Command      : report_timing_summary -report_unconstrained -file C:/Users/xiaom/Documents/Vivado_Project/MGPU/out/vga_build/timing.rpt
| Design       : nexys_a7_vga_top
| Device       : 7a100t-csg324
| Speed File   : -1  PRODUCTION 1.23 2018-06-13
| Design State : Routed
---------------------------------------------------------------------------------------------------------------------------------------------

Timing Summary Report

------------------------------------------------------------------------------------------------
| Timer Settings
| --------------
------------------------------------------------------------------------------------------------

  Enable Multi Corner Analysis               :  Yes
  Enable Pessimism Removal                   :  Yes
  Pessimism Removal Resolution               :  Nearest Common Node
  Enable Input Delay Default Clock           :  No
  Enable Preset / Clear Arcs                 :  No
  Disable Flight Delays                      :  No
  Ignore I/O Paths                           :  No
  Timing Early Launch at Borrowing Latches   :  No
  Borrow Time for Max Delay Exceptions       :  Yes
  Merge Timing Exceptions                    :  Yes
  Inter-SLR Compensation                     :  Conservative

  Corner  Analyze    Analyze    
  Name    Max Paths  Min Paths  
  ------  ---------  ---------  
  Slow    Yes        Yes        
  Fast    Yes        Yes        


------------------------------------------------------------------------------------------------
| Report Methodology
| ------------------
------------------------------------------------------------------------------------------------

No report available as report_methodology has not been run prior. Run report_methodology on the current design for the summary of methodology violations.



check_timing report

Table of Contents
-----------------
1. checking no_clock (0)
2. checking constant_clock (0)
3. checking pulse_width_clock (0)
4. checking unconstrained_internal_endpoints (0)
5. checking no_input_delay (1)
6. checking no_output_delay (2)
7. checking multiple_clock (0)
8. checking generated_clocks (0)
9. checking loops (0)
10. checking partial_input_delay (0)
11. checking partial_output_delay (0)
12. checking latch_loops (0)

1. checking no_clock (0)
------------------------
 There are 0 register/latch pins with no clock.


2. checking constant_clock (0)
------------------------------
 There are 0 register/latch pins with constant_clock.


3. checking pulse_width_clock (0)
---------------------------------
 There are 0 register/latch pins which need pulse_width check


4. checking unconstrained_internal_endpoints (0)
------------------------------------------------
 There are 0 pins that are not constrained for maximum delay.

 There are 0 pins that are not constrained for maximum delay due to constant clock.


5. checking no_input_delay (1)
------------------------------
 There are 0 input ports with no input delay specified.

 There is 1 input port with no input delay but user has a false path constraint. (MEDIUM)


6. checking no_output_delay (2)
-------------------------------
 There are 0 ports with no output delay specified.

 There are 2 ports with no output delay but user has a false path constraint (MEDIUM)

 There are 0 ports with no output delay but with a timing clock defined on it or propagating through it


7. checking multiple_clock (0)
------------------------------
 There are 0 register/latch pins with multiple clocks.


8. checking generated_clocks (0)
--------------------------------
 There are 0 generated clocks that are not connected to a clock source.


9. checking loops (0)
---------------------
 There are 0 combinational loops in the design.


10. checking partial_input_delay (0)
------------------------------------
 There are 0 input ports with partial input delay specified.


11. checking partial_output_delay (0)
-------------------------------------
 There are 0 ports with partial output delay specified.


12. checking latch_loops (0)
----------------------------
 There are 0 combinational latch loops in the design through latch input



------------------------------------------------------------------------------------------------
| Design Timing Summary
| ---------------------
------------------------------------------------------------------------------------------------

    WNS(ns)      TNS(ns)  TNS Failing Endpoints  TNS Total Endpoints      WHS(ns)      THS(ns)  THS Failing Endpoints  THS Total Endpoints     WPWS(ns)     TPWS(ns)  TPWS Failing Endpoints  TPWS Total Endpoints  
    -------      -------  ---------------------  -------------------      -------      -------  ---------------------  -------------------     --------     --------  ----------------------  --------------------  
      1.803        0.000                      0                 5482        0.037        0.000                      0                 5468        3.000        0.000                       0                  1011  


All user specified timing constraints are met.


------------------------------------------------------------------------------------------------
| Clock Summary
| -------------
------------------------------------------------------------------------------------------------

Clock           Waveform(ns)         Period(ns)      Frequency(MHz)
-----           ------------         ----------      --------------
clk100          {0.000 5.000}        10.000          100.000         
  feedback_raw  {0.000 5.000}        10.000          100.000         
  gpu_raw       {0.000 80.000}       160.000         6.250           
  pixel_raw     {0.000 20.000}       40.000          25.000          


------------------------------------------------------------------------------------------------
| Intra Clock Table
| -----------------
------------------------------------------------------------------------------------------------

Clock               WNS(ns)      TNS(ns)  TNS Failing Endpoints  TNS Total Endpoints      WHS(ns)      THS(ns)  THS Failing Endpoints  THS Total Endpoints     WPWS(ns)     TPWS(ns)  TPWS Failing Endpoints  TPWS Total Endpoints  
-----               -------      -------  ---------------------  -------------------      -------      -------  ---------------------  -------------------     --------     --------  ----------------------  --------------------  
clk100                                                                                                                                                            3.000        0.000                       0                     1  
  feedback_raw                                                                                                                                                    7.845        0.000                       0                     3  
  gpu_raw            39.289        0.000                      0                 4001        0.037        0.000                      0                 4001       53.360        0.000                       0                   880  
  pixel_raw          26.946        0.000                      0                 1467        0.122        0.000                      0                 1467       19.500        0.000                       0                   127  


------------------------------------------------------------------------------------------------
| Inter Clock Table
| -----------------
------------------------------------------------------------------------------------------------

From Clock    To Clock          WNS(ns)      TNS(ns)  TNS Failing Endpoints  TNS Total Endpoints      WHS(ns)      THS(ns)  THS Failing Endpoints  THS Total Endpoints  
----------    --------          -------      -------  ---------------------  -------------------      -------      -------  ---------------------  -------------------  


------------------------------------------------------------------------------------------------
| Other Path Groups Table
| -----------------------
------------------------------------------------------------------------------------------------

Path Group    From Clock    To Clock          WNS(ns)      TNS(ns)  TNS Failing Endpoints  TNS Total Endpoints      WHS(ns)      THS(ns)  THS Failing Endpoints  THS Total Endpoints  
----------    ----------    --------          -------      -------  ---------------------  -------------------      -------      -------  ---------------------  -------------------  
**default**   pixel_raw                         1.803        0.000                      0                   14                                                                        


------------------------------------------------------------------------------------------------
| User Ignored Path Table
| -----------------------
------------------------------------------------------------------------------------------------

Path Group    From Clock    To Clock    
----------    ----------    --------    
(none)                                    
(none)        gpu_raw                     
(none)        pixel_raw                   
(none)                      gpu_raw       
(none)                      pixel_raw     


------------------------------------------------------------------------------------------------
| Unconstrained Path Table
| ------------------------
------------------------------------------------------------------------------------------------

Path Group    From Clock    To Clock    
----------    ----------    --------    
(none)                      gpu_raw       
(none)                      pixel_raw     


------------------------------------------------------------------------------------------------
| Timing Details
| --------------
------------------------------------------------------------------------------------------------


---------------------------------------------------------------------------------------------------
From Clock:  clk100
  To Clock:  clk100

Setup :           NA  Failing Endpoints,  Worst Slack           NA  ,  Total Violation           NA
Hold  :           NA  Failing Endpoints,  Worst Slack           NA  ,  Total Violation           NA
PW    :            0  Failing Endpoints,  Worst Slack        3.000ns,  Total Violation        0.000ns
---------------------------------------------------------------------------------------------------


Pulse Width Checks
--------------------------------------------------------------------------------------
Clock Name:         clk100
Waveform(ns):       { 0.000 5.000 }
Period(ns):         10.000
Sources:            { CLK100MHZ }

Check Type        Corner  Lib Pin            Reference Pin  Required(ns)  Actual(ns)  Slack(ns)  Location         Pin
Min Period        n/a     MMCME2_ADV/CLKIN1  n/a            1.249         10.000      8.751      MMCME2_ADV_X1Y2  u_clocks/u_mmcm/CLKIN1
Max Period        n/a     MMCME2_ADV/CLKIN1  n/a            100.000       10.000      90.000     MMCME2_ADV_X1Y2  u_clocks/u_mmcm/CLKIN1
Low Pulse Width   Slow    MMCME2_ADV/CLKIN1  n/a            2.000         5.000       3.000      MMCME2_ADV_X1Y2  u_clocks/u_mmcm/CLKIN1
High Pulse Width  Slow    MMCME2_ADV/CLKIN1  n/a            2.000         5.000       3.000      MMCME2_ADV_X1Y2  u_clocks/u_mmcm/CLKIN1



---------------------------------------------------------------------------------------------------
From Clock:  feedback_raw
  To Clock:  feedback_raw

Setup :           NA  Failing Endpoints,  Worst Slack           NA  ,  Total Violation           NA
Hold  :           NA  Failing Endpoints,  Worst Slack           NA  ,  Total Violation           NA
PW    :            0  Failing Endpoints,  Worst Slack        7.845ns,  Total Violation        0.000ns
---------------------------------------------------------------------------------------------------


Pulse Width Checks
--------------------------------------------------------------------------------------
Clock Name:         feedback_raw
Waveform(ns):       { 0.000 5.000 }
Period(ns):         10.000
Sources:            { u_clocks/u_mmcm/CLKFBOUT }

Check Type  Corner  Lib Pin             Reference Pin  Required(ns)  Actual(ns)  Slack(ns)  Location         Pin
Min Period  n/a     BUFG/I              n/a            2.155         10.000      7.845      BUFGCTRL_X0Y18   u_clocks/u_feedback/I
Max Period  n/a     MMCME2_ADV/CLKFBIN  n/a            100.000       10.000      90.000     MMCME2_ADV_X1Y2  u_clocks/u_mmcm/CLKFBIN



---------------------------------------------------------------------------------------------------
From Clock:  gpu_raw
  To Clock:  gpu_raw

Setup :            0  Failing Endpoints,  Worst Slack       39.289ns,  Total Violation        0.000ns
Hold  :            0  Failing Endpoints,  Worst Slack        0.037ns,  Total Violation        0.000ns
PW    :            0  Failing Endpoints,  Worst Slack       53.360ns,  Total Violation        0.000ns
---------------------------------------------------------------------------------------------------


Max Delay Paths
--------------------------------------------------------------------------------------
Slack (MET) :             39.289ns  (required time - arrival time)
  Source:                 u_gpu/u_rasterizer/area_reg/CLK
                            (rising edge-triggered cell DSP48E1 clocked by gpu_raw  {rise@0.000ns fall@80.000ns period=160.000ns})
  Destination:            u_gpu/u_rasterizer/ini_clor_B2/A[16]
                            (rising edge-triggered cell DSP48E1 clocked by gpu_raw  {rise@0.000ns fall@80.000ns period=160.000ns})
  Path Group:             gpu_raw
  Path Type:              Setup (Max at Slow Process Corner)
  Requirement:            160.000ns  (gpu_raw rise@160.000ns - gpu_raw rise@0.000ns)
  Data Path Delay:        119.751ns  (logic 60.731ns (50.714%)  route 59.020ns (49.286%))
  Logic Levels:           318  (CARRY4=286 LUT1=1 LUT3=2 LUT5=29)
  Clock Path Skew:        -0.294ns (DCD - SCD + CPR)
    Destination Clock Delay (DCD):    -1.441ns = ( 158.559 - 160.000 ) 
    Source Clock Delay      (SCD):    -0.659ns
    Clock Pessimism Removal (CPR):    0.487ns
  Clock Uncertainty:      0.126ns  ((TSJ^2 + DJ^2)^1/2) / 2 + PE
    Total System Jitter     (TSJ):    0.071ns
    Discrete Jitter          (DJ):    0.243ns
    Phase Error              (PE):    0.000ns

    Location             Delay type                Incr(ns)  Path(ns)    Netlist Resource(s)
  -------------------------------------------------------------------    -------------------
                         (clock gpu_raw rise edge)    0.000     0.000 r  
    E3                                                0.000     0.000 r  CLK100MHZ (IN)
                         net (fo=0)                   0.000     0.000    u_clocks/CLK100MHZ
    E3                   IBUF (Prop_ibuf_I_O)         1.482     1.482 r  u_clocks/u_input/O
                         net (fo=1, routed)           1.233     2.715    u_clocks/input_clock
    MMCME2_ADV_X1Y2      MMCME2_ADV (Prop_mmcme2_adv_CLKIN1_CLKOUT1)
                                                     -7.070    -4.355 r  u_clocks/u_mmcm/CLKOUT1
                         net (fo=1, routed)           1.719    -2.636    u_clocks/gpu_raw
    BUFGCTRL_X0Y16       BUFG (Prop_bufg_I_O)         0.096    -2.540 r  u_clocks/u_gpu/O
                         net (fo=906, routed)         1.881    -0.659    u_gpu/u_rasterizer/clk_gpu
    DSP48_X1Y13          DSP48E1                                      r  u_gpu/u_rasterizer/area_reg/CLK
  -------------------------------------------------------------------    -------------------
    DSP48_X1Y13          DSP48E1 (Prop_dsp48e1_CLK_P[10])
                                                      0.434    -0.225 f  u_gpu/u_rasterizer/area_reg/P[10]
                         net (fo=199, routed)         6.681     6.456    u_gpu/u_rasterizer/area_reg_n_95
    SLICE_X36Y85         LUT1 (Prop_lut1_I0_O)        0.124     6.580 r  u_gpu/u_rasterizer/dclorR_y[14]_i_251/O
                         net (fo=1, routed)           0.000     6.580    u_gpu/u_rasterizer/dclorR_y[14]_i_251_n_0
    SLICE_X36Y85         CARRY4 (Prop_carry4_S[1]_CO[3])
                                                      0.550     7.130 r  u_gpu/u_rasterizer/dclorR_y_reg[14]_i_178/CO[3]
                         net (fo=1, routed)           0.000     7.130    u_gpu/u_rasterizer/dclorR_y_reg[14]_i_178_n_0
    SLICE_X36Y86         CARRY4 (Prop_carry4_CI_O[3])
                                                      0.313     7.443 f  u_gpu/u_rasterizer/dclorR_y_reg[14]_i_118/O[3]
                         net (fo=198, routed)         4.737    12.180    u_gpu/u_rasterizer/dclorR_x31_in[16]
    SLICE_X35Y56         LUT3 (Prop_lut3_I2_O)        0.306    12.486 r  u_gpu/u_rasterizer/ini_clor_B2_i_1431/O
                         net (fo=1, routed)           0.000    12.486    u_gpu/u_rasterizer/ini_clor_B2_i_1431_n_0
    SLICE_X35Y56         CARRY4 (Prop_carry4_S[0]_CO[3])
                                                      0.532    13.018 r  u_gpu/u_rasterizer/ini_clor_B2_i_1370/CO[3]
                         net (fo=1, routed)           0.000    13.018    u_gpu/u_rasterizer/ini_clor_B2_i_1370_n_0
    SLICE_X35Y57         CARRY4 (Prop_carry4_CI_CO[3])
                                                      0.114    13.132 r  u_gpu/u_rasterizer/ini_clor_B2_i_1365/CO[3]
                         net (fo=1, routed)           0.000    13.132    u_gpu/u_rasterizer/ini_clor_B2_i_1365_n_0
    SLICE_X35Y58         CARRY4 (Prop_carry4_CI_CO[3])
                                                      0.114    13.246 r  u_gpu/u_rasterizer/ini_clor_B2_i_1360/CO[3]
                         net (fo=1, routed)           0.000    13.246    u_gpu/u_rasterizer/ini_clor_B2_i_1360_n_0
    SLICE_X35Y59         CARRY4 (Prop_carry4_CI_CO[3])
                                                      0.114    13.360 r  u_gpu/u_rasterizer/ini_clor_B2_i_1357/CO[3]
                         net (fo=1, routed)           0.000    13.360    u_gpu/u_rasterizer/ini_clor_B2_i_1357_n_0
    SLICE_X35Y60         CARRY4 (Prop_carry4_CI_CO[0])
                                                      0.271    13.631 r  u_gpu/u_rasterizer/ini_clor_B2_i_1356/CO[0]
                         net (fo=35, routed)          1.135    14.766    u_gpu/u_rasterizer/ini_clor_B2_i_1356_n_3
    SLICE_X34Y53         LUT5 (Prop_lut5_I1_O)        0.373    15.139 r  u_gpu/u_rasterizer/ini_clor_B2_i_1398/O
                         net (fo=1, routed)           0.000    15.139    u_gpu/u_rasterizer/ini_clor_B2_i_1398_n_0
    SLICE_X34Y53         CARRY4 (Prop_carry4_S[1]_CO[3])
                                                      0.533    15.672 r  u_gpu/u_rasterizer/ini_clor_B2_i_1347/CO[3]
                         net (fo=1, routed)           0.000    15.672    u_gpu/u_rasterizer/ini_clor_B2_i_1347_n_0
    SLICE_X34Y54         CARRY4 (Prop_carry4_CI_CO[3])
                                                      0.117    15.789 r  u_gpu/u_rasterizer/ini_clor_B2_i_1342/CO[3]
                         net (fo=1, routed)           0.000    15.789    u_gpu/u_rasterizer/ini_clor_B2_i_1342_n_0
    SLICE_X34Y55         CARRY4 (Prop_carry4_CI_CO[3])
                                                      0.117    15.906 r  u_gpu/u_rasterizer/ini_clor_B2_i_1337/CO[3]
                         net (fo=1, routed)           0.000    15.906    u_gpu/u_rasterizer/ini_clor_B2_i_1337_n_0
    SLICE_X34Y56         CARRY4 (Prop_carry4_CI_CO[3])
                                                      0.117    16.023 r  u_gpu/u_rasterizer/ini_clor_B2_i_1332/CO[3]
                         net (fo=1, routed)           0.000    16.023    u_gpu/u_rasterizer/ini_clor_B2_i_1332_n_0
    SLICE_X34Y57         CARRY4 (Prop_carry4_CI_CO[3])
                                                      0.117    16.140 r  u_gpu/u_rasterizer/ini_clor_B2_i_1327/CO[3]
                         net (fo=1, routed)           0.000    16.140    u_gpu/u_rasterizer/ini_clor_B2_i_1327_n_0
    SLICE_X34Y58         CARRY4 (Prop_carry4_CI_CO[3])
                                                      0.117    16.257 r  u_gpu/u_rasterizer/ini_clor_B2_i_1322/CO[3]
                         net (fo=1, routed)           0.000    16.257    u_gpu/u_rasterizer/ini_clor_B2_i_1322_n_0
    SLICE_X34Y59         CARRY4 (Prop_carry4_CI_CO[3])
                                                      0.117    16.374 r  u_gpu/u_rasterizer/ini_clor_B2_i_1317/CO[3]
                         net (fo=1, routed)           0.000    16.374    u_gpu/u_rasterizer/ini_clor_B2_i_1317_n_0
    SLICE_X34Y60         CARRY4 (Prop_carry4_CI_CO[3])
                                                      0.117    16.491 r  u_gpu/u_rasterizer/ini_clor_B2_i_1314/CO[3]
                         net (fo=1, routed)           0.000    16.491    u_gpu/u_rasterizer/ini_clor_B2_i_1314_n_0
    SLICE_X34Y61         CARRY4 (Prop_carry4_CI_CO[1])
                                                      0.157    16.648 r  u_gpu/u_rasterizer/ini_clor_B2_i_1313/CO[1]
                         net (fo=35, routed)          1.260    17.908    u_gpu/u_rasterizer/ini_clor_B2_i_1313_n_2
    SLICE_X36Y53         LUT5 (Prop_lut5_I1_O)        0.332    18.240 r  u_gpu/u_rasterizer/ini_clor_B2_i_1355/O
                         net (fo=1, routed)           0.000    18.240    u_gpu/u_rasterizer/ini_clor_B2_i_1355_n_0
    SLICE_X36Y53         CARRY4 (Prop_carry4_S[1]_CO[3])
                                                      0.550    18.790 r  u_gpu/u_rasterizer/ini_clor_B2_i_1304/CO[3]
                         net (fo=1, routed)           0.000    18.790    u_gpu/u_rasterizer/ini_clor_B2_i_1304_n_0
    SLICE_X36Y54         CARRY4 (Prop_carry4_CI_CO[3])
                                                      0.114    18.904 r  u_gpu/u_rasterizer/ini_clor_B2_i_1299/CO[3]
                         net (fo=1, routed)           0.000    18.904    u_gpu/u_rasterizer/ini_clor_B2_i_1299_n_0
    SLICE_X36Y55         CARRY4 (Prop_carry4_CI_CO[3])
                                                      0.114    19.018 r  u_gpu/u_rasterizer/ini_clor_B2_i_1294/CO[3]
                         net (fo=1, routed)           0.000    19.018    u_gpu/u_rasterizer/ini_clor_B2_i_1294_n_0
    SLICE_X36Y56         CARRY4 (Prop_carry4_CI_CO[3])
                                                      0.114    19.132 r  u_gpu/u_rasterizer/ini_clor_B2_i_1289/CO[3]
                         net (fo=1, routed)           0.000    19.132    u_gpu/u_rasterizer/ini_clor_B2_i_1289_n_0
    SLICE_X36Y57         CARRY4 (Prop_carry4_CI_CO[3])
                                                      0.114    19.246 r  u_gpu/u_rasterizer/ini_clor_B2_i_1284/CO[3]
                         net (fo=1, routed)           0.000    19.246    u_gpu/u_rasterizer/ini_clor_B2_i_1284_n_0
    SLICE_X36Y58         CARRY4 (Prop_carry4_CI_CO[3])
                                                      0.114    19.360 r  u_gpu/u_rasterizer/ini_clor_B2_i_1279/CO[3]
                         net (fo=1, routed)           0.000    19.360    u_gpu/u_rasterizer/ini_clor_B2_i_1279_n_0
    SLICE_X36Y59         CARRY4 (Prop_carry4_CI_CO[3])
                                                      0.114    19.474 r  u_gpu/u_rasterizer/ini_clor_B2_i_1274/CO[3]
                         net (fo=1, routed)           0.000    19.474    u_gpu/u_rasterizer/ini_clor_B2_i_1274_n_0
    SLICE_X36Y60         CARRY4 (Prop_carry4_CI_CO[3])
                                                      0.114    19.588 r  u_gpu/u_rasterizer/ini_clor_B2_i_1271/CO[3]
                         net (fo=1, routed)           0.000    19.588    u_gpu/u_rasterizer/ini_clor_B2_i_1271_n_0
    SLICE_X36Y61         CARRY4 (Prop_carry4_CI_CO[1])
                                                      0.157    19.745 r  u_gpu/u_rasterizer/ini_clor_B2_i_1270/CO[1]
                         net (fo=35, routed)          1.293    21.038    u_gpu/u_rasterizer/ini_clor_B2_i_1270_n_2
    SLICE_X37Y53         LUT5 (Prop_lut5_I1_O)        0.329    21.367 r  u_gpu/u_rasterizer/ini_clor_B2_i_1312/O
                         net (fo=1, routed)           0.000    21.367    u_gpu/u_rasterizer/ini_clor_B2_i_1312_n_0
    SLICE_X37Y53         CARRY4 (Prop_carry4_S[1]_CO[3])
                                                      0.550    21.917 r  u_gpu/u_rasterizer/ini_clor_B2_i_1257/CO[3]
                         net (fo=1, routed)           0.000    21.917    u_gpu/u_rasterizer/ini_clor_B2_i_1257_n_0
    SLICE_X37Y54         CARRY4 (Prop_carry4_CI_CO[3])
                                                      0.114    22.031 r  u_gpu/u_rasterizer/ini_clor_B2_i_1252/CO[3]
                         net (fo=1, routed)           0.000    22.031    u_gpu/u_rasterizer/ini_clor_B2_i_1252_n_0
    SLICE_X37Y55         CARRY4 (Prop_carry4_CI_CO[3])
                                                      0.114    22.145 r  u_gpu/u_rasterizer/ini_clor_B2_i_1247/CO[3]
                         net (fo=1, routed)           0.000    22.145    u_gpu/u_rasterizer/ini_clor_B2_i_1247_n_0
    SLICE_X37Y56         CARRY4 (Prop_carry4_CI_CO[3])
                                                      0.114    22.259 r  u_gpu/u_rasterizer/ini_clor_B2_i_1242/CO[3]
                         net (fo=1, routed)           0.000    22.259    u_gpu/u_rasterizer/ini_clor_B2_i_1242_n_0
    SLICE_X37Y57         CARRY4 (Prop_carry4_CI_CO[3])
                                                      0.114    22.373 r  u_gpu/u_rasterizer/ini_clor_B2_i_1237/CO[3]
                         net (fo=1, routed)           0.000    22.373    u_gpu/u_rasterizer/ini_clor_B2_i_1237_n_0
    SLICE_X37Y58         CARRY4 (Prop_carry4_CI_CO[3])
                                                      0.114    22.487 r  u_gpu/u_rasterizer/ini_clor_B2_i_1232/CO[3]
                         net (fo=1, routed)           0.000    22.487    u_gpu/u_rasterizer/ini_clor_B2_i_1232_n_0
    SLICE_X37Y59         CARRY4 (Prop_carry4_CI_CO[3])
                                                      0.114    22.601 r  u_gpu/u_rasterizer/ini_clor_B2_i_1227/CO[3]
                         net (fo=1, routed)           0.000    22.601    u_gpu/u_rasterizer/ini_clor_B2_i_1227_n_0
    SLICE_X37Y60         CARRY4 (Prop_carry4_CI_CO[3])
                                                      0.114    22.715 r  u_gpu/u_rasterizer/ini_clor_B2_i_1224/CO[3]
                         net (fo=1, routed)           0.000    22.715    u_gpu/u_rasterizer/ini_clor_B2_i_1224_n_0
    SLICE_X37Y61         CARRY4 (Prop_carry4_CI_CO[1])
                                                      0.157    22.872 r  u_gpu/u_rasterizer/ini_clor_B2_i_1223/CO[1]
                         net (fo=35, routed)          1.296    24.168    u_gpu/u_rasterizer/ini_clor_B2_i_1223_n_2
    SLICE_X38Y53         LUT5 (Prop_lut5_I1_O)        0.329    24.497 r  u_gpu/u_rasterizer/ini_clor_B2_i_1265/O
                         net (fo=1, routed)           0.000    24.497    u_gpu/u_rasterizer/ini_clor_B2_i_1265_n_0
    SLICE_X38Y53         CARRY4 (Prop_carry4_S[1]_CO[3])
                                                      0.533    25.030 r  u_gpu/u_rasterizer/ini_clor_B2_i_1213/CO[3]
                         net (fo=1, routed)           0.000    25.030    u_gpu/u_rasterizer/ini_clor_B2_i_1213_n_0
    SLICE_X38Y54         CARRY4 (Prop_carry4_CI_CO[3])
                                                      0.117    25.147 r  u_gpu/u_rasterizer/ini_clor_B2_i_1208/CO[3]
                         net (fo=1, routed)           0.000    25.147    u_gpu/u_rasterizer/ini_clor_B2_i_1208_n_0
    SLICE_X38Y55         CARRY4 (Prop_carry4_CI_CO[3])
                                                      0.117    25.264 r  u_gpu/u_rasterizer/ini_clor_B2_i_1203/CO[3]
                         net (fo=1, routed)           0.000    25.264    u_gpu/u_rasterizer/ini_clor_B2_i_1203_n_0
    SLICE_X38Y56         CARRY4 (Prop_carry4_CI_CO[3])
                                                      0.117    25.381 r  u_gpu/u_rasterizer/ini_clor_B2_i_1198/CO[3]
                         net (fo=1, routed)           0.000    25.381    u_gpu/u_rasterizer/ini_clor_B2_i_1198_n_0
    SLICE_X38Y57         CARRY4 (Prop_carry4_CI_CO[3])
                                                      0.117    25.498 r  u_gpu/u_rasterizer/ini_clor_B2_i_1193/CO[3]
                         net (fo=1, routed)           0.000    25.498    u_gpu/u_rasterizer/ini_clor_B2_i_1193_n_0
    SLICE_X38Y58         CARRY4 (Prop_carry4_CI_CO[3])
                                                      0.117    25.615 r  u_gpu/u_rasterizer/ini_clor_B2_i_1188/CO[3]
                         net (fo=1, routed)           0.000    25.615    u_gpu/u_rasterizer/ini_clor_B2_i_1188_n_0
    SLICE_X38Y59         CARRY4 (Prop_carry4_CI_CO[3])
                                                      0.117    25.732 r  u_gpu/u_rasterizer/ini_clor_B2_i_1183/CO[3]
                         net (fo=1, routed)           0.000    25.732    u_gpu/u_rasterizer/ini_clor_B2_i_1183_n_0
    SLICE_X38Y60         CARRY4 (Prop_carry4_CI_CO[3])
                                                      0.117    25.849 r  u_gpu/u_rasterizer/ini_clor_B2_i_1180/CO[3]
                         net (fo=1, routed)           0.000    25.849    u_gpu/u_rasterizer/ini_clor_B2_i_1180_n_0
    SLICE_X38Y61         CARRY4 (Prop_carry4_CI_CO[1])
                                                      0.157    26.006 r  u_gpu/u_rasterizer/ini_clor_B2_i_1179/CO[1]
                         net (fo=35, routed)          1.422    27.429    u_gpu/u_rasterizer/ini_clor_B2_i_1179_n_2
    SLICE_X39Y52         LUT5 (Prop_lut5_I1_O)        0.332    27.761 r  u_gpu/u_rasterizer/ini_clor_B2_i_1221/O
                         net (fo=1, routed)           0.000    27.761    u_gpu/u_rasterizer/ini_clor_B2_i_1221_n_0
    SLICE_X39Y52         CARRY4 (Prop_carry4_S[1]_CO[3])
                                                      0.550    28.311 r  u_gpu/u_rasterizer/ini_clor_B2_i_1170/CO[3]
                         net (fo=1, routed)           0.000    28.311    u_gpu/u_rasterizer/ini_clor_B2_i_1170_n_0
    SLICE_X39Y53         CARRY4 (Prop_carry4_CI_CO[3])
                                                      0.114    28.425 r  u_gpu/u_rasterizer/ini_clor_B2_i_1165/CO[3]
                         net (fo=1, routed)           0.000    28.425    u_gpu/u_rasterizer/ini_clor_B2_i_1165_n_0
    SLICE_X39Y54         CARRY4 (Prop_carry4_CI_CO[3])
                                                      0.114    28.539 r  u_gpu/u_rasterizer/ini_clor_B2_i_1160/CO[3]
                         net (fo=1, routed)           0.000    28.539    u_gpu/u_rasterizer/ini_clor_B2_i_1160_n_0
    SLICE_X39Y55         CARRY4 (Prop_carry4_CI_CO[3])
                                                      0.114    28.653 r  u_gpu/u_rasterizer/ini_clor_B2_i_1155/CO[3]
                         net (fo=1, routed)           0.000    28.653    u_gpu/u_rasterizer/ini_clor_B2_i_1155_n_0
    SLICE_X39Y56         CARRY4 (Prop_carry4_CI_CO[3])
                                                      0.114    28.767 r  u_gpu/u_rasterizer/ini_clor_B2_i_1150/CO[3]
                         net (fo=1, routed)           0.000    28.767    u_gpu/u_rasterizer/ini_clor_B2_i_1150_n_0
    SLICE_X39Y57         CARRY4 (Prop_carry4_CI_CO[3])
                                                      0.114    28.881 r  u_gpu/u_rasterizer/ini_clor_B2_i_1145/CO[3]
                         net (fo=1, routed)           0.000    28.881    u_gpu/u_rasterizer/ini_clor_B2_i_1145_n_0
    SLICE_X39Y58         CARRY4 (Prop_carry4_CI_CO[3])
                                                      0.114    28.995 r  u_gpu/u_rasterizer/ini_clor_B2_i_1140/CO[3]
                         net (fo=1, routed)           0.000    28.995    u_gpu/u_rasterizer/ini_clor_B2_i_1140_n_0
    SLICE_X39Y59         CARRY4 (Prop_carry4_CI_CO[3])
                                                      0.114    29.109 r  u_gpu/u_rasterizer/ini_clor_B2_i_1137/CO[3]
                         net (fo=1, routed)           0.000    29.109    u_gpu/u_rasterizer/ini_clor_B2_i_1137_n_0
    SLICE_X39Y60         CARRY4 (Prop_carry4_CI_CO[1])
                                                      0.157    29.266 r  u_gpu/u_rasterizer/ini_clor_B2_i_1136/CO[1]
                         net (fo=35, routed)          1.422    30.688    u_gpu/u_rasterizer/ini_clor_B2_i_1136_n_2
    SLICE_X40Y51         LUT5 (Prop_lut5_I1_O)        0.329    31.017 r  u_gpu/u_rasterizer/ini_clor_B2_i_1178/O
                         net (fo=1, routed)           0.000    31.017    u_gpu/u_rasterizer/ini_clor_B2_i_1178_n_0
    SLICE_X40Y51         CARRY4 (Prop_carry4_S[1]_CO[3])
                                                      0.550    31.567 r  u_gpu/u_rasterizer/ini_clor_B2_i_1114/CO[3]
                         net (fo=1, routed)           0.000    31.567    u_gpu/u_rasterizer/ini_clor_B2_i_1114_n_0
    SLICE_X40Y52         CARRY4 (Prop_carry4_CI_CO[3])
                                                      0.114    31.681 r  u_gpu/u_rasterizer/ini_clor_B2_i_1109/CO[3]
                         net (fo=1, routed)           0.000    31.681    u_gpu/u_rasterizer/ini_clor_B2_i_1109_n_0
    SLICE_X40Y53         CARRY4 (Prop_carry4_CI_CO[3])
                                                      0.114    31.795 r  u_gpu/u_rasterizer/ini_clor_B2_i_1104/CO[3]
                         net (fo=1, routed)           0.000    31.795    u_gpu/u_rasterizer/ini_clor_B2_i_1104_n_0
    SLICE_X40Y54         CARRY4 (Prop_carry4_CI_CO[3])
                                                      0.114    31.909 r  u_gpu/u_rasterizer/ini_clor_B2_i_1099/CO[3]
                         net (fo=1, routed)           0.000    31.909    u_gpu/u_rasterizer/ini_clor_B2_i_1099_n_0
    SLICE_X40Y55         CARRY4 (Prop_carry4_CI_CO[3])
                                                      0.114    32.023 r  u_gpu/u_rasterizer/ini_clor_B2_i_1094/CO[3]
                         net (fo=1, routed)           0.000    32.023    u_gpu/u_rasterizer/ini_clor_B2_i_1094_n_0
    SLICE_X40Y56         CARRY4 (Prop_carry4_CI_CO[3])
                                                      0.114    32.137 r  u_gpu/u_rasterizer/ini_clor_B2_i_1089/CO[3]
                         net (fo=1, routed)           0.000    32.137    u_gpu/u_rasterizer/ini_clor_B2_i_1089_n_0
    SLICE_X40Y57         CARRY4 (Prop_carry4_CI_CO[3])
                                                      0.114    32.251 r  u_gpu/u_rasterizer/ini_clor_B2_i_1084/CO[3]
                         net (fo=1, routed)           0.000    32.251    u_gpu/u_rasterizer/ini_clor_B2_i_1084_n_0
    SLICE_X40Y58         CARRY4 (Prop_carry4_CI_CO[3])
                                                      0.114    32.365 r  u_gpu/u_rasterizer/ini_clor_B2_i_1081/CO[3]
                         net (fo=1, routed)           0.000    32.365    u_gpu/u_rasterizer/ini_clor_B2_i_1081_n_0
    SLICE_X40Y59         CARRY4 (Prop_carry4_CI_CO[1])
                                                      0.157    32.522 r  u_gpu/u_rasterizer/ini_clor_B2_i_1080/CO[1]
                         net (fo=35, routed)          1.061    33.583    u_gpu/u_rasterizer/ini_clor_B2_i_1080_n_2
    SLICE_X41Y51         LUT5 (Prop_lut5_I1_O)        0.329    33.912 r  u_gpu/u_rasterizer/ini_clor_B2_i_1122/O
                         net (fo=1, routed)           0.000    33.912    u_gpu/u_rasterizer/ini_clor_B2_i_1122_n_0
    SLICE_X41Y51         CARRY4 (Prop_carry4_S[1]_CO[3])
                                                      0.550    34.462 r  u_gpu/u_rasterizer/ini_clor_B2_i_1056/CO[3]
                         net (fo=1, routed)           0.000    34.462    u_gpu/u_rasterizer/ini_clor_B2_i_1056_n_0
    SLICE_X41Y52         CARRY4 (Prop_carry4_CI_CO[3])
                                                      0.114    34.576 r  u_gpu/u_rasterizer/ini_clor_B2_i_1051/CO[3]
                         net (fo=1, routed)           0.000    34.576    u_gpu/u_rasterizer/ini_clor_B2_i_1051_n_0
    SLICE_X41Y53         CARRY4 (Prop_carry4_CI_CO[3])
                                                      0.114    34.690 r  u_gpu/u_rasterizer/ini_clor_B2_i_1046/CO[3]
                         net (fo=1, routed)           0.000    34.690    u_gpu/u_rasterizer/ini_clor_B2_i_1046_n_0
    SLICE_X41Y54         CARRY4 (Prop_carry4_CI_CO[3])
                                                      0.114    34.804 r  u_gpu/u_rasterizer/ini_clor_B2_i_1041/CO[3]
                         net (fo=1, routed)           0.000    34.804    u_gpu/u_rasterizer/ini_clor_B2_i_1041_n_0
    SLICE_X41Y55         CARRY4 (Prop_carry4_CI_CO[3])
                                                      0.114    34.918 r  u_gpu/u_rasterizer/ini_clor_B2_i_1036/CO[3]
                         net (fo=1, routed)           0.000    34.918    u_gpu/u_rasterizer/ini_clor_B2_i_1036_n_0
    SLICE_X41Y56         CARRY4 (Prop_carry4_CI_CO[3])
                                                      0.114    35.032 r  u_gpu/u_rasterizer/ini_clor_B2_i_1031/CO[3]
                         net (fo=1, routed)           0.000    35.032    u_gpu/u_rasterizer/ini_clor_B2_i_1031_n_0
    SLICE_X41Y57         CARRY4 (Prop_carry4_CI_CO[3])
                                                      0.114    35.146 r  u_gpu/u_rasterizer/ini_clor_B2_i_1026/CO[3]
                         net (fo=1, routed)           0.000    35.146    u_gpu/u_rasterizer/ini_clor_B2_i_1026_n_0
    SLICE_X41Y58         CARRY4 (Prop_carry4_CI_CO[3])
                                                      0.114    35.260 r  u_gpu/u_rasterizer/ini_clor_B2_i_1023/CO[3]
                         net (fo=1, routed)           0.000    35.260    u_gpu/u_rasterizer/ini_clor_B2_i_1023_n_0
    SLICE_X41Y59         CARRY4 (Prop_carry4_CI_CO[1])
                                                      0.157    35.417 r  u_gpu/u_rasterizer/ini_clor_B2_i_1022/CO[1]
                         net (fo=35, routed)          2.105    37.522    u_gpu/u_rasterizer/ini_clor_B2_i_1022_n_2
    SLICE_X51Y48         LUT5 (Prop_lut5_I1_O)        0.329    37.851 r  u_gpu/u_rasterizer/ini_clor_B2_i_1064/O
                         net (fo=1, routed)           0.000    37.851    u_gpu/u_rasterizer/ini_clor_B2_i_1064_n_0
    SLICE_X51Y48         CARRY4 (Prop_carry4_S[1]_CO[3])
                                                      0.550    38.401 r  u_gpu/u_rasterizer/ini_clor_B2_i_953/CO[3]
                         net (fo=1, routed)           0.000    38.401    u_gpu/u_rasterizer/ini_clor_B2_i_953_n_0
    SLICE_X51Y49         CARRY4 (Prop_carry4_CI_CO[3])
                                                      0.114    38.515 r  u_gpu/u_rasterizer/ini_clor_B2_i_948/CO[3]
                         net (fo=1, routed)           0.001    38.515    u_gpu/u_rasterizer/ini_clor_B2_i_948_n_0
    SLICE_X51Y50         CARRY4 (Prop_carry4_CI_CO[3])
                                                      0.114    38.629 r  u_gpu/u_rasterizer/ini_clor_B2_i_943/CO[3]
                         net (fo=1, routed)           0.000    38.629    u_gpu/u_rasterizer/ini_clor_B2_i_943_n_0
    SLICE_X51Y51         CARRY4 (Prop_carry4_CI_CO[3])
                                                      0.114    38.743 r  u_gpu/u_rasterizer/ini_clor_B2_i_938/CO[3]
                         net (fo=1, routed)           0.000    38.743    u_gpu/u_rasterizer/ini_clor_B2_i_938_n_0
    SLICE_X51Y52         CARRY4 (Prop_carry4_CI_CO[3])
                                                      0.114    38.857 r  u_gpu/u_rasterizer/ini_clor_B2_i_933/CO[3]
                         net (fo=1, routed)           0.000    38.857    u_gpu/u_rasterizer/ini_clor_B2_i_933_n_0
    SLICE_X51Y53         CARRY4 (Prop_carry4_CI_CO[3])
                                                      0.114    38.971 r  u_gpu/u_rasterizer/ini_clor_B2_i_928/CO[3]
                         net (fo=1, routed)           0.000    38.971    u_gpu/u_rasterizer/ini_clor_B2_i_928_n_0
    SLICE_X51Y54         CARRY4 (Prop_carry4_CI_CO[3])
                                                      0.114    39.085 r  u_gpu/u_rasterizer/ini_clor_B2_i_923/CO[3]
                         net (fo=1, routed)           0.000    39.085    u_gpu/u_rasterizer/ini_clor_B2_i_923_n_0
    SLICE_X51Y55         CARRY4 (Prop_carry4_CI_CO[3])
                                                      0.114    39.199 r  u_gpu/u_rasterizer/ini_clor_B2_i_920/CO[3]
                         net (fo=1, routed)           0.000    39.199    u_gpu/u_rasterizer/ini_clor_B2_i_920_n_0
    SLICE_X51Y56         CARRY4 (Prop_carry4_CI_CO[1])
                                                      0.157    39.356 r  u_gpu/u_rasterizer/ini_clor_B2_i_919/CO[1]
                         net (fo=35, routed)          1.403    40.760    u_gpu/u_rasterizer/ini_clor_B2_i_919_n_2
    SLICE_X49Y47         LUT5 (Prop_lut5_I1_O)        0.329    41.089 r  u_gpu/u_rasterizer/ini_clor_B2_i_961/O
                         net (fo=1, routed)           0.000    41.089    u_gpu/u_rasterizer/ini_clor_B2_i_961_n_0
    SLICE_X49Y47         CARRY4 (Prop_carry4_S[1]_CO[3])
                                                      0.550    41.639 r  u_gpu/u_rasterizer/ini_clor_B2_i_812/CO[3]
                         net (fo=1, routed)           0.000    41.639    u_gpu/u_rasterizer/ini_clor_B2_i_812_n_0
    SLICE_X49Y48         CARRY4 (Prop_carry4_CI_CO[3])
                                                      0.114    41.753 r  u_gpu/u_rasterizer/ini_clor_B2_i_807/CO[3]
                         net (fo=1, routed)           0.000    41.753    u_gpu/u_rasterizer/ini_clor_B2_i_807_n_0
    SLICE_X49Y49         CARRY4 (Prop_carry4_CI_CO[3])
                                                      0.114    41.867 r  u_gpu/u_rasterizer/ini_clor_B2_i_802/CO[3]
                         net (fo=1, routed)           0.001    41.867    u_gpu/u_rasterizer/ini_clor_B2_i_802_n_0
    SLICE_X49Y50         CARRY4 (Prop_carry4_CI_CO[3])
                                                      0.114    41.981 r  u_gpu/u_rasterizer/ini_clor_B2_i_797/CO[3]
                         net (fo=1, routed)           0.000    41.981    u_gpu/u_rasterizer/ini_clor_B2_i_797_n_0
    SLICE_X49Y51         CARRY4 (Prop_carry4_CI_CO[3])
                                                      0.114    42.095 r  u_gpu/u_rasterizer/ini_clor_B2_i_792/CO[3]
                         net (fo=1, routed)           0.000    42.095    u_gpu/u_rasterizer/ini_clor_B2_i_792_n_0
    SLICE_X49Y52         CARRY4 (Prop_carry4_CI_CO[3])
                                                      0.114    42.209 r  u_gpu/u_rasterizer/ini_clor_B2_i_787/CO[3]
                         net (fo=1, routed)           0.000    42.209    u_gpu/u_rasterizer/ini_clor_B2_i_787_n_0
    SLICE_X49Y53         CARRY4 (Prop_carry4_CI_CO[3])
                                                      0.114    42.323 r  u_gpu/u_rasterizer/ini_clor_B2_i_782/CO[3]
                         net (fo=1, routed)           0.000    42.323    u_gpu/u_rasterizer/ini_clor_B2_i_782_n_0
    SLICE_X49Y54         CARRY4 (Prop_carry4_CI_CO[3])
                                                      0.114    42.437 r  u_gpu/u_rasterizer/ini_clor_B2_i_779/CO[3]
                         net (fo=1, routed)           0.000    42.437    u_gpu/u_rasterizer/ini_clor_B2_i_779_n_0
    SLICE_X49Y55         CARRY4 (Prop_carry4_CI_CO[1])
                                                      0.157    42.594 r  u_gpu/u_rasterizer/ini_clor_B2_i_778/CO[1]
                         net (fo=35, routed)          1.493    44.088    u_gpu/u_rasterizer/ini_clor_B2_i_778_n_2
    SLICE_X48Y46         LUT5 (Prop_lut5_I1_O)        0.329    44.417 r  u_gpu/u_rasterizer/ini_clor_B2_i_918/O
                         net (fo=1, routed)           0.000    44.417    u_gpu/u_rasterizer/ini_clor_B2_i_918_n_0
    SLICE_X48Y46         CARRY4 (Prop_carry4_S[1]_CO[3])
                                                      0.550    44.967 r  u_gpu/u_rasterizer/ini_clor_B2_i_773/CO[3]
                         net (fo=1, routed)           0.000    44.967    u_gpu/u_rasterizer/ini_clor_B2_i_773_n_0
    SLICE_X48Y47         CARRY4 (Prop_carry4_CI_CO[3])
                                                      0.114    45.081 r  u_gpu/u_rasterizer/ini_clor_B2_i_667/CO[3]
                         net (fo=1, routed)           0.000    45.081    u_gpu/u_rasterizer/ini_clor_B2_i_667_n_0
    SLICE_X48Y48         CARRY4 (Prop_carry4_CI_CO[3])
                                                      0.114    45.195 r  u_gpu/u_rasterizer/ini_clor_B2_i_662/CO[3]
                         net (fo=1, routed)           0.000    45.195    u_gpu/u_rasterizer/ini_clor_B2_i_662_n_0
    SLICE_X48Y49         CARRY4 (Prop_carry4_CI_CO[3])
                                                      0.114    45.309 r  u_gpu/u_rasterizer/ini_clor_B2_i_657/CO[3]
                         net (fo=1, routed)           0.001    45.309    u_gpu/u_rasterizer/ini_clor_B2_i_657_n_0
    SLICE_X48Y50         CARRY4 (Prop_carry4_CI_CO[3])
                                                      0.114    45.423 r  u_gpu/u_rasterizer/ini_clor_B2_i_652/CO[3]
                         net (fo=1, routed)           0.000    45.423    u_gpu/u_rasterizer/ini_clor_B2_i_652_n_0
    SLICE_X48Y51         CARRY4 (Prop_carry4_CI_CO[3])
                                                      0.114    45.537 r  u_gpu/u_rasterizer/ini_clor_B2_i_647/CO[3]
                         net (fo=1, routed)           0.000    45.537    u_gpu/u_rasterizer/ini_clor_B2_i_647_n_0
    SLICE_X48Y52         CARRY4 (Prop_carry4_CI_CO[3])
                                                      0.114    45.651 r  u_gpu/u_rasterizer/ini_clor_B2_i_642/CO[3]
                         net (fo=1, routed)           0.000    45.651    u_gpu/u_rasterizer/ini_clor_B2_i_642_n_0
    SLICE_X48Y53         CARRY4 (Prop_carry4_CI_CO[3])
                                                      0.114    45.765 r  u_gpu/u_rasterizer/ini_clor_B2_i_639/CO[3]
                         net (fo=1, routed)           0.000    45.765    u_gpu/u_rasterizer/ini_clor_B2_i_639_n_0
    SLICE_X48Y54         CARRY4 (Prop_carry4_CI_CO[1])
                                                      0.157    45.922 r  u_gpu/u_rasterizer/ini_clor_B2_i_638/CO[1]
                         net (fo=35, routed)          1.570    47.493    u_gpu/u_rasterizer/ini_clor_B2_i_638_n_2
    SLICE_X52Y46         LUT5 (Prop_lut5_I1_O)        0.329    47.822 r  u_gpu/u_rasterizer/ini_clor_B2_i_914/O
                         net (fo=1, routed)           0.000    47.822    u_gpu/u_rasterizer/ini_clor_B2_i_914_n_0
    SLICE_X52Y46         CARRY4 (Prop_carry4_S[1]_CO[3])
                                                      0.550    48.372 r  u_gpu/u_rasterizer/ini_clor_B2_i_768/CO[3]
                         net (fo=1, routed)           0.000    48.372    u_gpu/u_rasterizer/ini_clor_B2_i_768_n_0
    SLICE_X52Y47         CARRY4 (Prop_carry4_CI_CO[3])
                                                      0.114    48.486 r  u_gpu/u_rasterizer/ini_clor_B2_i_633/CO[3]
                         net (fo=1, routed)           0.000    48.486    u_gpu/u_rasterizer/ini_clor_B2_i_633_n_0
    SLICE_X52Y48         CARRY4 (Prop_carry4_CI_CO[3])
                                                      0.114    48.600 r  u_gpu/u_rasterizer/ini_clor_B2_i_532/CO[3]
                         net (fo=1, routed)           0.000    48.600    u_gpu/u_rasterizer/ini_clor_B2_i_532_n_0
    SLICE_X52Y49         CARRY4 (Prop_carry4_CI_CO[3])
                                                      0.114    48.714 r  u_gpu/u_rasterizer/ini_clor_B2_i_527/CO[3]
                         net (fo=1, routed)           0.001    48.714    u_gpu/u_rasterizer/ini_clor_B2_i_527_n_0
    SLICE_X52Y50         CARRY4 (Prop_carry4_CI_CO[3])
                                                      0.114    48.828 r  u_gpu/u_rasterizer/ini_clor_B2_i_522/CO[3]
                         net (fo=1, routed)           0.000    48.828    u_gpu/u_rasterizer/ini_clor_B2_i_522_n_0
    SLICE_X52Y51         CARRY4 (Prop_carry4_CI_CO[3])
                                                      0.114    48.942 r  u_gpu/u_rasterizer/ini_clor_B2_i_517/CO[3]
                         net (fo=1, routed)           0.000    48.942    u_gpu/u_rasterizer/ini_clor_B2_i_517_n_0
    SLICE_X52Y52         CARRY4 (Prop_carry4_CI_CO[3])
                                                      0.114    49.056 r  u_gpu/u_rasterizer/ini_clor_B2_i_512/CO[3]
                         net (fo=1, routed)           0.000    49.056    u_gpu/u_rasterizer/ini_clor_B2_i_512_n_0
    SLICE_X52Y53         CARRY4 (Prop_carry4_CI_CO[3])
                                                      0.114    49.170 r  u_gpu/u_rasterizer/ini_clor_B2_i_509/CO[3]
                         net (fo=1, routed)           0.000    49.170    u_gpu/u_rasterizer/ini_clor_B2_i_509_n_0
    SLICE_X52Y54         CARRY4 (Prop_carry4_CI_CO[1])
                                                      0.157    49.327 r  u_gpu/u_rasterizer/ini_clor_B2_i_508/CO[1]
                         net (fo=35, routed)          1.470    50.797    u_gpu/u_rasterizer/ini_clor_B2_i_508_n_2
    SLICE_X56Y46         LUT5 (Prop_lut5_I1_O)        0.329    51.126 r  u_gpu/u_rasterizer/ini_clor_B2_i_910/O
                         net (fo=1, routed)           0.000    51.126    u_gpu/u_rasterizer/ini_clor_B2_i_910_n_0
    SLICE_X56Y46         CARRY4 (Prop_carry4_S[1]_CO[3])
                                                      0.533    51.659 r  u_gpu/u_rasterizer/ini_clor_B2_i_763/CO[3]
                         net (fo=1, routed)           0.000    51.659    u_gpu/u_rasterizer/ini_clor_B2_i_763_n_0
    SLICE_X56Y47         CARRY4 (Prop_carry4_CI_CO[3])
                                                      0.117    51.776 r  u_gpu/u_rasterizer/ini_clor_B2_i_628/CO[3]
                         net (fo=1, routed)           0.000    51.776    u_gpu/u_rasterizer/ini_clor_B2_i_628_n_0
    SLICE_X56Y48         CARRY4 (Prop_carry4_CI_CO[3])
                                                      0.117    51.893 r  u_gpu/u_rasterizer/ini_clor_B2_i_503/CO[3]
                         net (fo=1, routed)           0.000    51.893    u_gpu/u_rasterizer/ini_clor_B2_i_503_n_0
    SLICE_X56Y49         CARRY4 (Prop_carry4_CI_CO[3])
                                                      0.117    52.010 r  u_gpu/u_rasterizer/ini_clor_B2_i_407/CO[3]
                         net (fo=1, routed)           0.001    52.011    u_gpu/u_rasterizer/ini_clor_B2_i_407_n_0
    SLICE_X56Y50         CARRY4 (Prop_carry4_CI_CO[3])
                                                      0.117    52.128 r  u_gpu/u_rasterizer/ini_clor_B2_i_402/CO[3]
                         net (fo=1, routed)           0.000    52.128    u_gpu/u_rasterizer/ini_clor_B2_i_402_n_0
    SLICE_X56Y51         CARRY4 (Prop_carry4_CI_CO[3])
                                                      0.117    52.245 r  u_gpu/u_rasterizer/ini_clor_B2_i_397/CO[3]
                         net (fo=1, routed)           0.000    52.245    u_gpu/u_rasterizer/ini_clor_B2_i_397_n_0
    SLICE_X56Y52         CARRY4 (Prop_carry4_CI_CO[3])
                                                      0.117    52.362 r  u_gpu/u_rasterizer/ini_clor_B2_i_392/CO[3]
                         net (fo=1, routed)           0.000    52.362    u_gpu/u_rasterizer/ini_clor_B2_i_392_n_0
    SLICE_X56Y53         CARRY4 (Prop_carry4_CI_CO[3])
                                                      0.117    52.479 r  u_gpu/u_rasterizer/ini_clor_B2_i_389/CO[3]
                         net (fo=1, routed)           0.000    52.479    u_gpu/u_rasterizer/ini_clor_B2_i_389_n_0
    SLICE_X56Y54         CARRY4 (Prop_carry4_CI_CO[1])
                                                      0.157    52.636 r  u_gpu/u_rasterizer/ini_clor_B2_i_388/CO[1]
                         net (fo=35, routed)          1.286    53.922    u_gpu/u_rasterizer/ini_clor_B2_i_388_n_2
    SLICE_X57Y46         LUT5 (Prop_lut5_I1_O)        0.332    54.254 r  u_gpu/u_rasterizer/ini_clor_B2_i_906/O
                         net (fo=1, routed)           0.000    54.254    u_gpu/u_rasterizer/ini_clor_B2_i_906_n_0
    SLICE_X57Y46         CARRY4 (Prop_carry4_S[1]_CO[3])
                                                      0.550    54.804 r  u_gpu/u_rasterizer/ini_clor_B2_i_758/CO[3]
                         net (fo=1, routed)           0.000    54.804    u_gpu/u_rasterizer/ini_clor_B2_i_758_n_0
    SLICE_X57Y47         CARRY4 (Prop_carry4_CI_CO[3])
                                                      0.114    54.918 r  u_gpu/u_rasterizer/ini_clor_B2_i_623/CO[3]
                         net (fo=1, routed)           0.000    54.918    u_gpu/u_rasterizer/ini_clor_B2_i_623_n_0
    SLICE_X57Y48         CARRY4 (Prop_carry4_CI_CO[3])
                                                      0.114    55.032 r  u_gpu/u_rasterizer/ini_clor_B2_i_498/CO[3]
                         net (fo=1, routed)           0.000    55.032    u_gpu/u_rasterizer/ini_clor_B2_i_498_n_0
    SLICE_X57Y49         CARRY4 (Prop_carry4_CI_CO[3])
                                                      0.114    55.146 r  u_gpu/u_rasterizer/ini_clor_B2_i_383/CO[3]
                         net (fo=1, routed)           0.001    55.147    u_gpu/u_rasterizer/ini_clor_B2_i_383_n_0
    SLICE_X57Y50         CARRY4 (Prop_carry4_CI_CO[3])
                                                      0.114    55.261 r  u_gpu/u_rasterizer/ini_clor_B2_i_292/CO[3]
                         net (fo=1, routed)           0.000    55.261    u_gpu/u_rasterizer/ini_clor_B2_i_292_n_0
    SLICE_X57Y51         CARRY4 (Prop_carry4_CI_CO[3])
                                                      0.114    55.375 r  u_gpu/u_rasterizer/ini_clor_B2_i_287/CO[3]
                         net (fo=1, routed)           0.000    55.375    u_gpu/u_rasterizer/ini_clor_B2_i_287_n_0
    SLICE_X57Y52         CARRY4 (Prop_carry4_CI_CO[3])
                                                      0.114    55.489 r  u_gpu/u_rasterizer/ini_clor_B2_i_282/CO[3]
                         net (fo=1, routed)           0.000    55.489    u_gpu/u_rasterizer/ini_clor_B2_i_282_n_0
    SLICE_X57Y53         CARRY4 (Prop_carry4_CI_CO[3])
                                                      0.114    55.603 r  u_gpu/u_rasterizer/ini_clor_B2_i_279/CO[3]
                         net (fo=1, routed)           0.000    55.603    u_gpu/u_rasterizer/ini_clor_B2_i_279_n_0
    SLICE_X57Y54         CARRY4 (Prop_carry4_CI_CO[1])
                                                      0.157    55.760 r  u_gpu/u_rasterizer/ini_clor_B2_i_278/CO[1]
                         net (fo=35, routed)          1.489    57.249    u_gpu/u_rasterizer/ini_clor_B2_i_278_n_2
    SLICE_X54Y46         LUT5 (Prop_lut5_I3_O)        0.329    57.578 r  u_gpu/u_rasterizer/ini_clor_B2_i_762/O
                         net (fo=1, routed)           0.000    57.578    u_gpu/u_rasterizer/ini_clor_B2_i_762_n_0
    SLICE_X54Y46         CARRY4 (Prop_carry4_S[0]_CO[3])
                                                      0.513    58.091 r  u_gpu/u_rasterizer/ini_clor_B2_i_618/CO[3]
                         net (fo=1, routed)           0.000    58.091    u_gpu/u_rasterizer/ini_clor_B2_i_618_n_0
    SLICE_X54Y47         CARRY4 (Prop_carry4_CI_CO[3])
                                                      0.117    58.208 r  u_gpu/u_rasterizer/ini_clor_B2_i_493/CO[3]
                         net (fo=1, routed)           0.000    58.208    u_gpu/u_rasterizer/ini_clor_B2_i_493_n_0
    SLICE_X54Y48         CARRY4 (Prop_carry4_CI_CO[3])
                                                      0.117    58.325 r  u_gpu/u_rasterizer/ini_clor_B2_i_378/CO[3]
                         net (fo=1, routed)           0.000    58.325    u_gpu/u_rasterizer/ini_clor_B2_i_378_n_0
    SLICE_X54Y49         CARRY4 (Prop_carry4_CI_CO[3])
                                                      0.117    58.442 r  u_gpu/u_rasterizer/ini_clor_B2_i_273/CO[3]
                         net (fo=1, routed)           0.001    58.442    u_gpu/u_rasterizer/ini_clor_B2_i_273_n_0
    SLICE_X54Y50         CARRY4 (Prop_carry4_CI_CO[3])
                                                      0.117    58.559 r  u_gpu/u_rasterizer/ini_clor_B2_i_187/CO[3]
                         net (fo=1, routed)           0.000    58.559    u_gpu/u_rasterizer/ini_clor_B2_i_187_n_0
    SLICE_X54Y51         CARRY4 (Prop_carry4_CI_CO[3])
                                                      0.117    58.676 r  u_gpu/u_rasterizer/ini_clor_B2_i_182/CO[3]
                         net (fo=1, routed)           0.000    58.676    u_gpu/u_rasterizer/ini_clor_B2_i_182_n_0
    SLICE_X54Y52         CARRY4 (Prop_carry4_CI_CO[3])
                                                      0.117    58.793 r  u_gpu/u_rasterizer/ini_clor_B2_i_179/CO[3]
                         net (fo=1, routed)           0.000    58.793    u_gpu/u_rasterizer/ini_clor_B2_i_179_n_0
    SLICE_X54Y53         CARRY4 (Prop_carry4_CI_CO[1])
                                                      0.157    58.950 r  u_gpu/u_rasterizer/ini_clor_B2_i_178/CO[1]
                         net (fo=35, routed)          1.966    60.917    u_gpu/u_rasterizer/ini_clor_B2_i_178_n_2
    SLICE_X50Y43         LUT5 (Prop_lut5_I1_O)        0.332    61.249 r  u_gpu/u_rasterizer/ini_clor_B2_i_898/O
                         net (fo=1, routed)           0.000    61.249    u_gpu/u_rasterizer/ini_clor_B2_i_898_n_0
    SLICE_X50Y43         CARRY4 (Prop_carry4_S[1]_CO[3])
                                                      0.533    61.782 r  u_gpu/u_rasterizer/ini_clor_B2_i_748/CO[3]
                         net (fo=1, routed)           0.000    61.782    u_gpu/u_rasterizer/ini_clor_B2_i_748_n_0
    SLICE_X50Y44         CARRY4 (Prop_carry4_CI_CO[3])
                                                      0.117    61.899 r  u_gpu/u_rasterizer/ini_clor_B2_i_613/CO[3]
                         net (fo=1, routed)           0.000    61.899    u_gpu/u_rasterizer/ini_clor_B2_i_613_n_0
    SLICE_X50Y45         CARRY4 (Prop_carry4_CI_CO[3])
                                                      0.117    62.016 r  u_gpu/u_rasterizer/ini_clor_B2_i_488/CO[3]
                         net (fo=1, routed)           0.000    62.016    u_gpu/u_rasterizer/ini_clor_B2_i_488_n_0
    SLICE_X50Y46         CARRY4 (Prop_carry4_CI_CO[3])
                                                      0.117    62.133 r  u_gpu/u_rasterizer/ini_clor_B2_i_373/CO[3]
                         net (fo=1, routed)           0.000    62.133    u_gpu/u_rasterizer/ini_clor_B2_i_373_n_0
    SLICE_X50Y47         CARRY4 (Prop_carry4_CI_CO[3])
                                                      0.117    62.250 r  u_gpu/u_rasterizer/ini_clor_B2_i_268/CO[3]
                         net (fo=1, routed)           0.000    62.250    u_gpu/u_rasterizer/ini_clor_B2_i_268_n_0
    SLICE_X50Y48         CARRY4 (Prop_carry4_CI_CO[3])
                                                      0.117    62.367 r  u_gpu/u_rasterizer/ini_clor_B2_i_173/CO[3]
                         net (fo=1, routed)           0.000    62.367    u_gpu/u_rasterizer/ini_clor_B2_i_173_n_0
    SLICE_X50Y49         CARRY4 (Prop_carry4_CI_CO[3])
                                                      0.117    62.484 r  u_gpu/u_rasterizer/ini_clor_B2_i_92/CO[3]
                         net (fo=1, routed)           0.001    62.484    u_gpu/u_rasterizer/ini_clor_B2_i_92_n_0
    SLICE_X50Y50         CARRY4 (Prop_carry4_CI_CO[3])
                                                      0.117    62.601 r  u_gpu/u_rasterizer/ini_clor_B2_i_89/CO[3]
                         net (fo=1, routed)           0.000    62.601    u_gpu/u_rasterizer/ini_clor_B2_i_89_n_0
    SLICE_X50Y51         CARRY4 (Prop_carry4_CI_CO[1])
                                                      0.157    62.758 r  u_gpu/u_rasterizer/ini_clor_B2_i_88/CO[1]
                         net (fo=35, routed)          1.698    64.456    u_gpu/u_rasterizer/ini_clor_B2_i_88_n_2
    SLICE_X51Y39         LUT5 (Prop_lut5_I1_O)        0.332    64.788 r  u_gpu/u_rasterizer/ini_clor_B2_i_894/O
                         net (fo=1, routed)           0.000    64.788    u_gpu/u_rasterizer/ini_clor_B2_i_894_n_0
    SLICE_X51Y39         CARRY4 (Prop_carry4_S[1]_CO[3])
                                                      0.550    65.338 r  u_gpu/u_rasterizer/ini_clor_B2_i_743/CO[3]
                         net (fo=1, routed)           0.000    65.338    u_gpu/u_rasterizer/ini_clor_B2_i_743_n_0
    SLICE_X51Y40         CARRY4 (Prop_carry4_CI_CO[3])
                                                      0.114    65.452 r  u_gpu/u_rasterizer/ini_clor_B2_i_608/CO[3]
                         net (fo=1, routed)           0.000    65.452    u_gpu/u_rasterizer/ini_clor_B2_i_608_n_0
    SLICE_X51Y41         CARRY4 (Prop_carry4_CI_CO[3])
                                                      0.114    65.566 r  u_gpu/u_rasterizer/ini_clor_B2_i_483/CO[3]
                         net (fo=1, routed)           0.000    65.566    u_gpu/u_rasterizer/ini_clor_B2_i_483_n_0
    SLICE_X51Y42         CARRY4 (Prop_carry4_CI_CO[3])
                                                      0.114    65.680 r  u_gpu/u_rasterizer/ini_clor_B2_i_368/CO[3]
                         net (fo=1, routed)           0.000    65.680    u_gpu/u_rasterizer/ini_clor_B2_i_368_n_0
    SLICE_X51Y43         CARRY4 (Prop_carry4_CI_CO[3])
                                                      0.114    65.794 r  u_gpu/u_rasterizer/ini_clor_B2_i_263/CO[3]
                         net (fo=1, routed)           0.000    65.794    u_gpu/u_rasterizer/ini_clor_B2_i_263_n_0
    SLICE_X51Y44         CARRY4 (Prop_carry4_CI_CO[3])
                                                      0.114    65.908 r  u_gpu/u_rasterizer/ini_clor_B2_i_168/CO[3]
                         net (fo=1, routed)           0.000    65.908    u_gpu/u_rasterizer/ini_clor_B2_i_168_n_0
    SLICE_X51Y45         CARRY4 (Prop_carry4_CI_CO[3])
                                                      0.114    66.022 r  u_gpu/u_rasterizer/ini_clor_B2_i_83/CO[3]
                         net (fo=1, routed)           0.000    66.022    u_gpu/u_rasterizer/ini_clor_B2_i_83_n_0
    SLICE_X51Y46         CARRY4 (Prop_carry4_CI_CO[3])
                                                      0.114    66.136 r  u_gpu/u_rasterizer/ini_clor_B2_i_38/CO[3]
                         net (fo=1, routed)           0.000    66.136    u_gpu/u_rasterizer/ini_clor_B2_i_38_n_0
    SLICE_X51Y47         CARRY4 (Prop_carry4_CI_CO[1])
                                                      0.157    66.293 r  u_gpu/u_rasterizer/ini_clor_B2_i_37/CO[1]
                         net (fo=35, routed)          1.274    67.567    u_gpu/u_rasterizer/ini_clor_B2_i_37_n_2
    SLICE_X46Y44         CARRY4 (Prop_carry4_CYINIT_CO[3])
                                                      0.800    68.367 r  u_gpu/u_rasterizer/ini_clor_B2_i_742/CO[3]
                         net (fo=1, routed)           0.000    68.367    u_gpu/u_rasterizer/ini_clor_B2_i_742_n_0
    SLICE_X46Y45         CARRY4 (Prop_carry4_CI_CO[3])
                                                      0.117    68.484 r  u_gpu/u_rasterizer/ini_clor_B2_i_607/CO[3]
                         net (fo=1, routed)           0.000    68.484    u_gpu/u_rasterizer/ini_clor_B2_i_607_n_0
    SLICE_X46Y46         CARRY4 (Prop_carry4_CI_CO[3])
                                                      0.117    68.601 r  u_gpu/u_rasterizer/ini_clor_B2_i_482/CO[3]
                         net (fo=1, routed)           0.000    68.601    u_gpu/u_rasterizer/ini_clor_B2_i_482_n_0
    SLICE_X46Y47         CARRY4 (Prop_carry4_CI_CO[3])
                                                      0.117    68.718 r  u_gpu/u_rasterizer/ini_clor_B2_i_367/CO[3]
                         net (fo=1, routed)           0.000    68.718    u_gpu/u_rasterizer/ini_clor_B2_i_367_n_0
    SLICE_X46Y48         CARRY4 (Prop_carry4_CI_CO[3])
                                                      0.117    68.835 r  u_gpu/u_rasterizer/ini_clor_B2_i_262/CO[3]
                         net (fo=1, routed)           0.000    68.835    u_gpu/u_rasterizer/ini_clor_B2_i_262_n_0
    SLICE_X46Y49         CARRY4 (Prop_carry4_CI_CO[3])
                                                      0.117    68.952 r  u_gpu/u_rasterizer/ini_clor_B2_i_167/CO[3]
                         net (fo=1, routed)           0.001    68.953    u_gpu/u_rasterizer/ini_clor_B2_i_167_n_0
    SLICE_X46Y50         CARRY4 (Prop_carry4_CI_CO[3])
                                                      0.117    69.070 r  u_gpu/u_rasterizer/ini_clor_B2_i_82/CO[3]
                         net (fo=1, routed)           0.000    69.070    u_gpu/u_rasterizer/ini_clor_B2_i_82_n_0
    SLICE_X46Y51         CARRY4 (Prop_carry4_CI_CO[3])
                                                      0.117    69.187 r  u_gpu/u_rasterizer/ini_clor_B2_i_36/CO[3]
                         net (fo=1, routed)           0.000    69.187    u_gpu/u_rasterizer/ini_clor_B2_i_36_n_0
    SLICE_X46Y52         CARRY4 (Prop_carry4_CI_CO[1])
                                                      0.157    69.344 r  u_gpu/u_rasterizer/ini_clor_B2_i_21/CO[1]
                         net (fo=36, routed)          1.184    70.528    u_gpu/u_rasterizer/dclorB_x1[14]
    SLICE_X47Y47         LUT5 (Prop_lut5_I3_O)        0.332    70.860 r  u_gpu/u_rasterizer/ini_clor_B2_i_820/O
                         net (fo=1, routed)           0.000    70.860    u_gpu/u_rasterizer/ini_clor_B2_i_820_n_0
    SLICE_X47Y47         CARRY4 (Prop_carry4_S[1]_CO[3])
                                                      0.550    71.410 r  u_gpu/u_rasterizer/ini_clor_B2_i_672/CO[3]
                         net (fo=1, routed)           0.000    71.410    u_gpu/u_rasterizer/ini_clor_B2_i_672_n_0
    SLICE_X47Y48         CARRY4 (Prop_carry4_CI_CO[3])
                                                      0.114    71.524 r  u_gpu/u_rasterizer/ini_clor_B2_i_537/CO[3]
                         net (fo=1, routed)           0.000    71.524    u_gpu/u_rasterizer/ini_clor_B2_i_537_n_0
    SLICE_X47Y49         CARRY4 (Prop_carry4_CI_CO[3])
                                                      0.114    71.638 r  u_gpu/u_rasterizer/ini_clor_B2_i_412/CO[3]
                         net (fo=1, routed)           0.001    71.638    u_gpu/u_rasterizer/ini_clor_B2_i_412_n_0
    SLICE_X47Y50         CARRY4 (Prop_carry4_CI_CO[3])
                                                      0.114    71.752 r  u_gpu/u_rasterizer/ini_clor_B2_i_297/CO[3]
                         net (fo=1, routed)           0.000    71.752    u_gpu/u_rasterizer/ini_clor_B2_i_297_n_0
    SLICE_X47Y51         CARRY4 (Prop_carry4_CI_CO[3])
                                                      0.114    71.866 r  u_gpu/u_rasterizer/ini_clor_B2_i_192/CO[3]
                         net (fo=1, routed)           0.000    71.866    u_gpu/u_rasterizer/ini_clor_B2_i_192_n_0
    SLICE_X47Y52         CARRY4 (Prop_carry4_CI_CO[3])
                                                      0.114    71.980 r  u_gpu/u_rasterizer/ini_clor_B2_i_97/CO[3]
                         net (fo=1, routed)           0.000    71.980    u_gpu/u_rasterizer/ini_clor_B2_i_97_n_0
    SLICE_X47Y53         CARRY4 (Prop_carry4_CI_CO[3])
                                                      0.114    72.094 r  u_gpu/u_rasterizer/ini_clor_B2_i_41/CO[3]
                         net (fo=1, routed)           0.000    72.094    u_gpu/u_rasterizer/ini_clor_B2_i_41_n_0
    SLICE_X47Y54         CARRY4 (Prop_carry4_CI_CO[1])
                                                      0.157    72.251 r  u_gpu/u_rasterizer/ini_clor_B2_i_22/CO[1]
                         net (fo=36, routed)          1.053    73.305    u_gpu/u_rasterizer/dclorB_x1[13]
    SLICE_X43Y47         LUT5 (Prop_lut5_I1_O)        0.329    73.634 r  u_gpu/u_rasterizer/ini_clor_B2_i_969/O
                         net (fo=1, routed)           0.000    73.634    u_gpu/u_rasterizer/ini_clor_B2_i_969_n_0
    SLICE_X43Y47         CARRY4 (Prop_carry4_S[1]_CO[3])
                                                      0.550    74.184 r  u_gpu/u_rasterizer/ini_clor_B2_i_822/CO[3]
                         net (fo=1, routed)           0.000    74.184    u_gpu/u_rasterizer/ini_clor_B2_i_822_n_0
    SLICE_X43Y48         CARRY4 (Prop_carry4_CI_CO[3])
                                                      0.114    74.298 r  u_gpu/u_rasterizer/ini_clor_B2_i_677/CO[3]
                         net (fo=1, routed)           0.000    74.298    u_gpu/u_rasterizer/ini_clor_B2_i_677_n_0
    SLICE_X43Y49         CARRY4 (Prop_carry4_CI_CO[3])
                                                      0.114    74.412 r  u_gpu/u_rasterizer/ini_clor_B2_i_542/CO[3]
                         net (fo=1, routed)           0.001    74.412    u_gpu/u_rasterizer/ini_clor_B2_i_542_n_0
    SLICE_X43Y50         CARRY4 (Prop_carry4_CI_CO[3])
                                                      0.114    74.526 r  u_gpu/u_rasterizer/ini_clor_B2_i_417/CO[3]
                         net (fo=1, routed)           0.000    74.526    u_gpu/u_rasterizer/ini_clor_B2_i_417_n_0
    SLICE_X43Y51         CARRY4 (Prop_carry4_CI_CO[3])
                                                      0.114    74.640 r  u_gpu/u_rasterizer/ini_clor_B2_i_302/CO[3]
                         net (fo=1, routed)           0.000    74.640    u_gpu/u_rasterizer/ini_clor_B2_i_302_n_0
    SLICE_X43Y52         CARRY4 (Prop_carry4_CI_CO[3])
                                                      0.114    74.754 r  u_gpu/u_rasterizer/ini_clor_B2_i_197/CO[3]
                         net (fo=1, routed)           0.000    74.754    u_gpu/u_rasterizer/ini_clor_B2_i_197_n_0
    SLICE_X43Y53         CARRY4 (Prop_carry4_CI_CO[3])
                                                      0.114    74.868 r  u_gpu/u_rasterizer/ini_clor_B2_i_102/CO[3]
                         net (fo=1, routed)           0.000    74.868    u_gpu/u_rasterizer/ini_clor_B2_i_102_n_0
    SLICE_X43Y54         CARRY4 (Prop_carry4_CI_CO[3])
                                                      0.114    74.982 r  u_gpu/u_rasterizer/ini_clor_B2_i_44/CO[3]
                         net (fo=1, routed)           0.000    74.982    u_gpu/u_rasterizer/ini_clor_B2_i_44_n_0
    SLICE_X43Y55         CARRY4 (Prop_carry4_CI_CO[1])
                                                      0.157    75.139 r  u_gpu/u_rasterizer/ini_clor_B2_i_23/CO[1]
                         net (fo=36, routed)          1.774    76.914    u_gpu/u_rasterizer/dclorB_x1[12]
    SLICE_X40Y42         LUT5 (Prop_lut5_I1_O)        0.329    77.243 r  u_gpu/u_rasterizer/ini_clor_B2_i_973/O
                         net (fo=1, routed)           0.000    77.243    u_gpu/u_rasterizer/ini_clor_B2_i_973_n_0
    SLICE_X40Y42         CARRY4 (Prop_carry4_S[1]_CO[3])
                                                      0.550    77.793 r  u_gpu/u_rasterizer/ini_clor_B2_i_827/CO[3]
                         net (fo=1, routed)           0.000    77.793    u_gpu/u_rasterizer/ini_clor_B2_i_827_n_0
    SLICE_X40Y43         CARRY4 (Prop_carry4_CI_CO[3])
                                                      0.114    77.907 r  u_gpu/u_rasterizer/ini_clor_B2_i_682/CO[3]
                         net (fo=1, routed)           0.000    77.907    u_gpu/u_rasterizer/ini_clor_B2_i_682_n_0
    SLICE_X40Y44         CARRY4 (Prop_carry4_CI_CO[3])
                                                      0.114    78.021 r  u_gpu/u_rasterizer/ini_clor_B2_i_547/CO[3]
                         net (fo=1, routed)           0.000    78.021    u_gpu/u_rasterizer/ini_clor_B2_i_547_n_0
    SLICE_X40Y45         CARRY4 (Prop_carry4_CI_CO[3])
                                                      0.114    78.135 r  u_gpu/u_rasterizer/ini_clor_B2_i_422/CO[3]
                         net (fo=1, routed)           0.000    78.135    u_gpu/u_rasterizer/ini_clor_B2_i_422_n_0
    SLICE_X40Y46         CARRY4 (Prop_carry4_CI_CO[3])
                                                      0.114    78.249 r  u_gpu/u_rasterizer/ini_clor_B2_i_307/CO[3]
                         net (fo=1, routed)           0.000    78.249    u_gpu/u_rasterizer/ini_clor_B2_i_307_n_0
    SLICE_X40Y47         CARRY4 (Prop_carry4_CI_CO[3])
                                                      0.114    78.363 r  u_gpu/u_rasterizer/ini_clor_B2_i_202/CO[3]
                         net (fo=1, routed)           0.000    78.363    u_gpu/u_rasterizer/ini_clor_B2_i_202_n_0
    SLICE_X40Y48         CARRY4 (Prop_carry4_CI_CO[3])
                                                      0.114    78.477 r  u_gpu/u_rasterizer/ini_clor_B2_i_107/CO[3]
                         net (fo=1, routed)           0.000    78.477    u_gpu/u_rasterizer/ini_clor_B2_i_107_n_0
    SLICE_X40Y49         CARRY4 (Prop_carry4_CI_CO[3])
                                                      0.114    78.591 r  u_gpu/u_rasterizer/ini_clor_B2_i_47/CO[3]
                         net (fo=1, routed)           0.001    78.591    u_gpu/u_rasterizer/ini_clor_B2_i_47_n_0
    SLICE_X40Y50         CARRY4 (Prop_carry4_CI_CO[1])
                                                      0.157    78.748 r  u_gpu/u_rasterizer/ini_clor_B2_i_24/CO[1]
                         net (fo=36, routed)          1.110    79.858    u_gpu/u_rasterizer/dclorB_x1[11]
    SLICE_X42Y47         LUT5 (Prop_lut5_I1_O)        0.329    80.187 r  u_gpu/u_rasterizer/ini_clor_B2_i_977/O
                         net (fo=1, routed)           0.000    80.187    u_gpu/u_rasterizer/ini_clor_B2_i_977_n_0
    SLICE_X42Y47         CARRY4 (Prop_carry4_S[1]_CO[3])
                                                      0.533    80.720 r  u_gpu/u_rasterizer/ini_clor_B2_i_832/CO[3]
                         net (fo=1, routed)           0.000    80.720    u_gpu/u_rasterizer/ini_clor_B2_i_832_n_0
    SLICE_X42Y48         CARRY4 (Prop_carry4_CI_CO[3])
                                                      0.117    80.837 r  u_gpu/u_rasterizer/ini_clor_B2_i_687/CO[3]
                         net (fo=1, routed)           0.000    80.837    u_gpu/u_rasterizer/ini_clor_B2_i_687_n_0
    SLICE_X42Y49         CARRY4 (Prop_carry4_CI_CO[3])
                                                      0.117    80.954 r  u_gpu/u_rasterizer/ini_clor_B2_i_552/CO[3]
                         net (fo=1, routed)           0.001    80.955    u_gpu/u_rasterizer/ini_clor_B2_i_552_n_0
    SLICE_X42Y50         CARRY4 (Prop_carry4_CI_CO[3])
                                                      0.117    81.072 r  u_gpu/u_rasterizer/ini_clor_B2_i_427/CO[3]
                         net (fo=1, routed)           0.000    81.072    u_gpu/u_rasterizer/ini_clor_B2_i_427_n_0
    SLICE_X42Y51         CARRY4 (Prop_carry4_CI_CO[3])
                                                      0.117    81.189 r  u_gpu/u_rasterizer/ini_clor_B2_i_312/CO[3]
                         net (fo=1, routed)           0.000    81.189    u_gpu/u_rasterizer/ini_clor_B2_i_312_n_0
    SLICE_X42Y52         CARRY4 (Prop_carry4_CI_CO[3])
                                                      0.117    81.306 r  u_gpu/u_rasterizer/ini_clor_B2_i_207/CO[3]
                         net (fo=1, routed)           0.000    81.306    u_gpu/u_rasterizer/ini_clor_B2_i_207_n_0
    SLICE_X42Y53         CARRY4 (Prop_carry4_CI_CO[3])
                                                      0.117    81.423 r  u_gpu/u_rasterizer/ini_clor_B2_i_112/CO[3]
                         net (fo=1, routed)           0.000    81.423    u_gpu/u_rasterizer/ini_clor_B2_i_112_n_0
    SLICE_X42Y54         CARRY4 (Prop_carry4_CI_CO[3])
                                                      0.117    81.540 r  u_gpu/u_rasterizer/ini_clor_B2_i_50/CO[3]
                         net (fo=1, routed)           0.000    81.540    u_gpu/u_rasterizer/ini_clor_B2_i_50_n_0
    SLICE_X42Y55         CARRY4 (Prop_carry4_CI_CO[1])
                                                      0.157    81.697 r  u_gpu/u_rasterizer/ini_clor_B2_i_25/CO[1]
                         net (fo=36, routed)          1.266    82.963    u_gpu/u_rasterizer/dclorB_x1[10]
    SLICE_X44Y47         LUT5 (Prop_lut5_I1_O)        0.332    83.295 r  u_gpu/u_rasterizer/ini_clor_B2_i_981/O
                         net (fo=1, routed)           0.000    83.295    u_gpu/u_rasterizer/ini_clor_B2_i_981_n_0
    SLICE_X44Y47         CARRY4 (Prop_carry4_S[1]_CO[3])
                                                      0.550    83.845 r  u_gpu/u_rasterizer/ini_clor_B2_i_837/CO[3]
                         net (fo=1, routed)           0.000    83.845    u_gpu/u_rasterizer/ini_clor_B2_i_837_n_0
    SLICE_X44Y48         CARRY4 (Prop_carry4_CI_CO[3])
                                                      0.114    83.959 r  u_gpu/u_rasterizer/ini_clor_B2_i_692/CO[3]
                         net (fo=1, routed)           0.000    83.959    u_gpu/u_rasterizer/ini_clor_B2_i_692_n_0
    SLICE_X44Y49         CARRY4 (Prop_carry4_CI_CO[3])
                                                      0.114    84.073 r  u_gpu/u_rasterizer/ini_clor_B2_i_557/CO[3]
                         net (fo=1, routed)           0.001    84.073    u_gpu/u_rasterizer/ini_clor_B2_i_557_n_0
    SLICE_X44Y50         CARRY4 (Prop_carry4_CI_CO[3])
                                                      0.114    84.187 r  u_gpu/u_rasterizer/ini_clor_B2_i_432/CO[3]
                         net (fo=1, routed)           0.000    84.187    u_gpu/u_rasterizer/ini_clor_B2_i_432_n_0
    SLICE_X44Y51         CARRY4 (Prop_carry4_CI_CO[3])
                                                      0.114    84.301 r  u_gpu/u_rasterizer/ini_clor_B2_i_317/CO[3]
                         net (fo=1, routed)           0.000    84.301    u_gpu/u_rasterizer/ini_clor_B2_i_317_n_0
    SLICE_X44Y52         CARRY4 (Prop_carry4_CI_CO[3])
                                                      0.114    84.415 r  u_gpu/u_rasterizer/ini_clor_B2_i_212/CO[3]
                         net (fo=1, routed)           0.000    84.415    u_gpu/u_rasterizer/ini_clor_B2_i_212_n_0
    SLICE_X44Y53         CARRY4 (Prop_carry4_CI_CO[3])
                                                      0.114    84.529 r  u_gpu/u_rasterizer/ini_clor_B2_i_117/CO[3]
                         net (fo=1, routed)           0.000    84.529    u_gpu/u_rasterizer/ini_clor_B2_i_117_n_0
    SLICE_X44Y54         CARRY4 (Prop_carry4_CI_CO[3])
                                                      0.114    84.643 r  u_gpu/u_rasterizer/ini_clor_B2_i_53/CO[3]
                         net (fo=1, routed)           0.000    84.643    u_gpu/u_rasterizer/ini_clor_B2_i_53_n_0
    SLICE_X44Y55         CARRY4 (Prop_carry4_CI_CO[1])
                                                      0.157    84.800 r  u_gpu/u_rasterizer/ini_clor_B2_i_26/CO[1]
                         net (fo=36, routed)          1.044    85.845    u_gpu/u_rasterizer/dclorB_x1[9]
    SLICE_X45Y47         LUT5 (Prop_lut5_I1_O)        0.329    86.174 r  u_gpu/u_rasterizer/ini_clor_B2_i_985/O
                         net (fo=1, routed)           0.000    86.174    u_gpu/u_rasterizer/ini_clor_B2_i_985_n_0
    SLICE_X45Y47         CARRY4 (Prop_carry4_S[1]_CO[3])
                                                      0.550    86.724 r  u_gpu/u_rasterizer/ini_clor_B2_i_842/CO[3]
                         net (fo=1, routed)           0.000    86.724    u_gpu/u_rasterizer/ini_clor_B2_i_842_n_0
    SLICE_X45Y48         CARRY4 (Prop_carry4_CI_CO[3])
                                                      0.114    86.838 r  u_gpu/u_rasterizer/ini_clor_B2_i_697/CO[3]
                         net (fo=1, routed)           0.000    86.838    u_gpu/u_rasterizer/ini_clor_B2_i_697_n_0
    SLICE_X45Y49         CARRY4 (Prop_carry4_CI_CO[3])
                                                      0.114    86.952 r  u_gpu/u_rasterizer/ini_clor_B2_i_562/CO[3]
                         net (fo=1, routed)           0.001    86.953    u_gpu/u_rasterizer/ini_clor_B2_i_562_n_0
    SLICE_X45Y50         CARRY4 (Prop_carry4_CI_CO[3])
                                                      0.114    87.067 r  u_gpu/u_rasterizer/ini_clor_B2_i_437/CO[3]
                         net (fo=1, routed)           0.000    87.067    u_gpu/u_rasterizer/ini_clor_B2_i_437_n_0
    SLICE_X45Y51         CARRY4 (Prop_carry4_CI_CO[3])
                                                      0.114    87.181 r  u_gpu/u_rasterizer/ini_clor_B2_i_322/CO[3]
                         net (fo=1, routed)           0.000    87.181    u_gpu/u_rasterizer/ini_clor_B2_i_322_n_0
    SLICE_X45Y52         CARRY4 (Prop_carry4_CI_CO[3])
                                                      0.114    87.295 r  u_gpu/u_rasterizer/ini_clor_B2_i_217/CO[3]
                         net (fo=1, routed)           0.000    87.295    u_gpu/u_rasterizer/ini_clor_B2_i_217_n_0
    SLICE_X45Y53         CARRY4 (Prop_carry4_CI_CO[3])
                                                      0.114    87.409 r  u_gpu/u_rasterizer/ini_clor_B2_i_122/CO[3]
                         net (fo=1, routed)           0.000    87.409    u_gpu/u_rasterizer/ini_clor_B2_i_122_n_0
    SLICE_X45Y54         CARRY4 (Prop_carry4_CI_CO[3])
                                                      0.114    87.523 r  u_gpu/u_rasterizer/ini_clor_B2_i_56/CO[3]
                         net (fo=1, routed)           0.000    87.523    u_gpu/u_rasterizer/ini_clor_B2_i_56_n_0
    SLICE_X45Y55         CARRY4 (Prop_carry4_CI_CO[1])
                                                      0.157    87.680 r  u_gpu/u_rasterizer/ini_clor_B2_i_27/CO[1]
                         net (fo=36, routed)          2.265    89.944    u_gpu/u_rasterizer/dclorB_x1[8]
    SLICE_X45Y40         LUT5 (Prop_lut5_I3_O)        0.329    90.273 r  u_gpu/u_rasterizer/ini_clor_B2_i_706/O
                         net (fo=1, routed)           0.000    90.273    u_gpu/u_rasterizer/ini_clor_B2_i_706_n_0
    SLICE_X45Y40         CARRY4 (Prop_carry4_S[0]_CO[3])
                                                      0.532    90.805 r  u_gpu/u_rasterizer/ini_clor_B2_i_567/CO[3]
                         net (fo=1, routed)           0.000    90.805    u_gpu/u_rasterizer/ini_clor_B2_i_567_n_0
    SLICE_X45Y41         CARRY4 (Prop_carry4_CI_CO[3])
                                                      0.114    90.919 r  u_gpu/u_rasterizer/ini_clor_B2_i_442/CO[3]
                         net (fo=1, routed)           0.000    90.919    u_gpu/u_rasterizer/ini_clor_B2_i_442_n_0
    SLICE_X45Y42         CARRY4 (Prop_carry4_CI_CO[3])
                                                      0.114    91.033 r  u_gpu/u_rasterizer/ini_clor_B2_i_327/CO[3]
                         net (fo=1, routed)           0.000    91.033    u_gpu/u_rasterizer/ini_clor_B2_i_327_n_0
    SLICE_X45Y43         CARRY4 (Prop_carry4_CI_CO[3])
                                                      0.114    91.147 r  u_gpu/u_rasterizer/ini_clor_B2_i_222/CO[3]
                         net (fo=1, routed)           0.000    91.147    u_gpu/u_rasterizer/ini_clor_B2_i_222_n_0
    SLICE_X45Y44         CARRY4 (Prop_carry4_CI_CO[3])
                                                      0.114    91.261 r  u_gpu/u_rasterizer/ini_clor_B2_i_127/CO[3]
                         net (fo=1, routed)           0.000    91.261    u_gpu/u_rasterizer/ini_clor_B2_i_127_n_0
    SLICE_X45Y45         CARRY4 (Prop_carry4_CI_CO[3])
                                                      0.114    91.375 r  u_gpu/u_rasterizer/ini_clor_B2_i_59/CO[3]
                         net (fo=1, routed)           0.000    91.375    u_gpu/u_rasterizer/ini_clor_B2_i_59_n_0
    SLICE_X45Y46         CARRY4 (Prop_carry4_CI_CO[1])
                                                      0.157    91.532 r  u_gpu/u_rasterizer/ini_clor_B2_i_28/CO[1]
                         net (fo=36, routed)          1.470    93.002    u_gpu/u_rasterizer/dclorB_x1[7]
    SLICE_X44Y38         LUT5 (Prop_lut5_I1_O)        0.329    93.331 r  u_gpu/u_rasterizer/ini_clor_B2_i_993/O
                         net (fo=1, routed)           0.000    93.331    u_gpu/u_rasterizer/ini_clor_B2_i_993_n_0
    SLICE_X44Y38         CARRY4 (Prop_carry4_S[1]_CO[3])
                                                      0.550    93.881 r  u_gpu/u_rasterizer/ini_clor_B2_i_852/CO[3]
                         net (fo=1, routed)           0.000    93.881    u_gpu/u_rasterizer/ini_clor_B2_i_852_n_0
    SLICE_X44Y39         CARRY4 (Prop_carry4_CI_CO[3])
                                                      0.114    93.995 r  u_gpu/u_rasterizer/ini_clor_B2_i_707/CO[3]
                         net (fo=1, routed)           0.000    93.995    u_gpu/u_rasterizer/ini_clor_B2_i_707_n_0
    SLICE_X44Y40         CARRY4 (Prop_carry4_CI_CO[3])
                                                      0.114    94.109 r  u_gpu/u_rasterizer/ini_clor_B2_i_572/CO[3]
                         net (fo=1, routed)           0.000    94.109    u_gpu/u_rasterizer/ini_clor_B2_i_572_n_0
    SLICE_X44Y41         CARRY4 (Prop_carry4_CI_CO[3])
                                                      0.114    94.223 r  u_gpu/u_rasterizer/ini_clor_B2_i_447/CO[3]
                         net (fo=1, routed)           0.000    94.223    u_gpu/u_rasterizer/ini_clor_B2_i_447_n_0
    SLICE_X44Y42         CARRY4 (Prop_carry4_CI_CO[3])
                                                      0.114    94.337 r  u_gpu/u_rasterizer/ini_clor_B2_i_332/CO[3]
                         net (fo=1, routed)           0.000    94.337    u_gpu/u_rasterizer/ini_clor_B2_i_332_n_0
    SLICE_X44Y43         CARRY4 (Prop_carry4_CI_CO[3])
                                                      0.114    94.451 r  u_gpu/u_rasterizer/ini_clor_B2_i_227/CO[3]
                         net (fo=1, routed)           0.000    94.451    u_gpu/u_rasterizer/ini_clor_B2_i_227_n_0
    SLICE_X44Y44         CARRY4 (Prop_carry4_CI_CO[3])
                                                      0.114    94.565 r  u_gpu/u_rasterizer/ini_clor_B2_i_132/CO[3]
                         net (fo=1, routed)           0.000    94.565    u_gpu/u_rasterizer/ini_clor_B2_i_132_n_0
    SLICE_X44Y45         CARRY4 (Prop_carry4_CI_CO[3])
                                                      0.114    94.679 r  u_gpu/u_rasterizer/ini_clor_B2_i_62/CO[3]
                         net (fo=1, routed)           0.000    94.679    u_gpu/u_rasterizer/ini_clor_B2_i_62_n_0
    SLICE_X44Y46         CARRY4 (Prop_carry4_CI_CO[1])
                                                      0.157    94.836 r  u_gpu/u_rasterizer/ini_clor_B2_i_29/CO[1]
                         net (fo=36, routed)          1.283    96.119    u_gpu/u_rasterizer/dclorB_x1[6]
    SLICE_X43Y38         LUT5 (Prop_lut5_I1_O)        0.329    96.448 r  u_gpu/u_rasterizer/ini_clor_B2_i_997/O
                         net (fo=1, routed)           0.000    96.448    u_gpu/u_rasterizer/ini_clor_B2_i_997_n_0
    SLICE_X43Y38         CARRY4 (Prop_carry4_S[1]_CO[3])
                                                      0.550    96.998 r  u_gpu/u_rasterizer/ini_clor_B2_i_857/CO[3]
                         net (fo=1, routed)           0.000    96.998    u_gpu/u_rasterizer/ini_clor_B2_i_857_n_0
    SLICE_X43Y39         CARRY4 (Prop_carry4_CI_CO[3])
                                                      0.114    97.112 r  u_gpu/u_rasterizer/ini_clor_B2_i_712/CO[3]
                         net (fo=1, routed)           0.000    97.112    u_gpu/u_rasterizer/ini_clor_B2_i_712_n_0
    SLICE_X43Y40         CARRY4 (Prop_carry4_CI_CO[3])
                                                      0.114    97.226 r  u_gpu/u_rasterizer/ini_clor_B2_i_577/CO[3]
                         net (fo=1, routed)           0.000    97.226    u_gpu/u_rasterizer/ini_clor_B2_i_577_n_0
    SLICE_X43Y41         CARRY4 (Prop_carry4_CI_CO[3])
                                                      0.114    97.340 r  u_gpu/u_rasterizer/ini_clor_B2_i_452/CO[3]
                         net (fo=1, routed)           0.000    97.340    u_gpu/u_rasterizer/ini_clor_B2_i_452_n_0
    SLICE_X43Y42         CARRY4 (Prop_carry4_CI_CO[3])
                                                      0.114    97.454 r  u_gpu/u_rasterizer/ini_clor_B2_i_337/CO[3]
                         net (fo=1, routed)           0.000    97.454    u_gpu/u_rasterizer/ini_clor_B2_i_337_n_0
    SLICE_X43Y43         CARRY4 (Prop_carry4_CI_CO[3])
                                                      0.114    97.568 r  u_gpu/u_rasterizer/ini_clor_B2_i_232/CO[3]
                         net (fo=1, routed)           0.000    97.568    u_gpu/u_rasterizer/ini_clor_B2_i_232_n_0
    SLICE_X43Y44         CARRY4 (Prop_carry4_CI_CO[3])
                                                      0.114    97.682 r  u_gpu/u_rasterizer/ini_clor_B2_i_137/CO[3]
                         net (fo=1, routed)           0.000    97.682    u_gpu/u_rasterizer/ini_clor_B2_i_137_n_0
    SLICE_X43Y45         CARRY4 (Prop_carry4_CI_CO[3])
                                                      0.114    97.796 r  u_gpu/u_rasterizer/ini_clor_B2_i_65/CO[3]
                         net (fo=1, routed)           0.000    97.796    u_gpu/u_rasterizer/ini_clor_B2_i_65_n_0
    SLICE_X43Y46         CARRY4 (Prop_carry4_CI_CO[1])
                                                      0.157    97.953 r  u_gpu/u_rasterizer/ini_clor_B2_i_30/CO[1]
                         net (fo=36, routed)          1.336    99.288    u_gpu/u_rasterizer/dclorB_x1[5]
    SLICE_X37Y42         LUT5 (Prop_lut5_I1_O)        0.329    99.617 r  u_gpu/u_rasterizer/ini_clor_B2_i_1001/O
                         net (fo=1, routed)           0.000    99.617    u_gpu/u_rasterizer/ini_clor_B2_i_1001_n_0
    SLICE_X37Y42         CARRY4 (Prop_carry4_S[1]_CO[3])
                                                      0.550   100.167 r  u_gpu/u_rasterizer/ini_clor_B2_i_862/CO[3]
                         net (fo=1, routed)           0.000   100.167    u_gpu/u_rasterizer/ini_clor_B2_i_862_n_0
    SLICE_X37Y43         CARRY4 (Prop_carry4_CI_CO[3])
                                                      0.114   100.281 r  u_gpu/u_rasterizer/ini_clor_B2_i_717/CO[3]
                         net (fo=1, routed)           0.000   100.281    u_gpu/u_rasterizer/ini_clor_B2_i_717_n_0
    SLICE_X37Y44         CARRY4 (Prop_carry4_CI_CO[3])
                                                      0.114   100.395 r  u_gpu/u_rasterizer/ini_clor_B2_i_582/CO[3]
                         net (fo=1, routed)           0.000   100.395    u_gpu/u_rasterizer/ini_clor_B2_i_582_n_0
    SLICE_X37Y45         CARRY4 (Prop_carry4_CI_CO[3])
                                                      0.114   100.509 r  u_gpu/u_rasterizer/ini_clor_B2_i_457/CO[3]
                         net (fo=1, routed)           0.000   100.509    u_gpu/u_rasterizer/ini_clor_B2_i_457_n_0
    SLICE_X37Y46         CARRY4 (Prop_carry4_CI_CO[3])
                                                      0.114   100.623 r  u_gpu/u_rasterizer/ini_clor_B2_i_342/CO[3]
                         net (fo=1, routed)           0.000   100.623    u_gpu/u_rasterizer/ini_clor_B2_i_342_n_0
    SLICE_X37Y47         CARRY4 (Prop_carry4_CI_CO[3])
                                                      0.114   100.737 r  u_gpu/u_rasterizer/ini_clor_B2_i_237/CO[3]
                         net (fo=1, routed)           0.000   100.737    u_gpu/u_rasterizer/ini_clor_B2_i_237_n_0
    SLICE_X37Y48         CARRY4 (Prop_carry4_CI_CO[3])
                                                      0.114   100.851 r  u_gpu/u_rasterizer/ini_clor_B2_i_142/CO[3]
                         net (fo=1, routed)           0.000   100.851    u_gpu/u_rasterizer/ini_clor_B2_i_142_n_0
    SLICE_X37Y49         CARRY4 (Prop_carry4_CI_CO[3])
                                                      0.114   100.965 r  u_gpu/u_rasterizer/ini_clor_B2_i_68/CO[3]
                         net (fo=1, routed)           0.001   100.966    u_gpu/u_rasterizer/ini_clor_B2_i_68_n_0
    SLICE_X37Y50         CARRY4 (Prop_carry4_CI_CO[1])
                                                      0.157   101.123 r  u_gpu/u_rasterizer/ini_clor_B2_i_31/CO[1]
                         net (fo=36, routed)          1.248   102.371    u_gpu/u_rasterizer/dclorB_x1[4]
    SLICE_X36Y42         LUT5 (Prop_lut5_I1_O)        0.329   102.700 r  u_gpu/u_rasterizer/ini_clor_B2_i_1005/O
                         net (fo=1, routed)           0.000   102.700    u_gpu/u_rasterizer/ini_clor_B2_i_1005_n_0
    SLICE_X36Y42         CARRY4 (Prop_carry4_S[1]_CO[3])
                                                      0.550   103.250 r  u_gpu/u_rasterizer/ini_clor_B2_i_867/CO[3]
                         net (fo=1, routed)           0.000   103.250    u_gpu/u_rasterizer/ini_clor_B2_i_867_n_0
    SLICE_X36Y43         CARRY4 (Prop_carry4_CI_CO[3])
                                                      0.114   103.364 r  u_gpu/u_rasterizer/ini_clor_B2_i_722/CO[3]
                         net (fo=1, routed)           0.000   103.364    u_gpu/u_rasterizer/ini_clor_B2_i_722_n_0
    SLICE_X36Y44         CARRY4 (Prop_carry4_CI_CO[3])
                                                      0.114   103.478 r  u_gpu/u_rasterizer/ini_clor_B2_i_587/CO[3]
                         net (fo=1, routed)           0.000   103.478    u_gpu/u_rasterizer/ini_clor_B2_i_587_n_0
    SLICE_X36Y45         CARRY4 (Prop_carry4_CI_CO[3])
                                                      0.114   103.592 r  u_gpu/u_rasterizer/ini_clor_B2_i_462/CO[3]
                         net (fo=1, routed)           0.000   103.592    u_gpu/u_rasterizer/ini_clor_B2_i_462_n_0
    SLICE_X36Y46         CARRY4 (Prop_carry4_CI_CO[3])
                                                      0.114   103.706 r  u_gpu/u_rasterizer/ini_clor_B2_i_347/CO[3]
                         net (fo=1, routed)           0.000   103.706    u_gpu/u_rasterizer/ini_clor_B2_i_347_n_0
    SLICE_X36Y47         CARRY4 (Prop_carry4_CI_CO[3])
                                                      0.114   103.820 r  u_gpu/u_rasterizer/ini_clor_B2_i_242/CO[3]
                         net (fo=1, routed)           0.000   103.820    u_gpu/u_rasterizer/ini_clor_B2_i_242_n_0
    SLICE_X36Y48         CARRY4 (Prop_carry4_CI_CO[3])
                                                      0.114   103.934 r  u_gpu/u_rasterizer/ini_clor_B2_i_147/CO[3]
                         net (fo=1, routed)           0.000   103.934    u_gpu/u_rasterizer/ini_clor_B2_i_147_n_0
    SLICE_X36Y49         CARRY4 (Prop_carry4_CI_CO[3])
                                                      0.114   104.048 r  u_gpu/u_rasterizer/ini_clor_B2_i_71/CO[3]
                         net (fo=1, routed)           0.001   104.049    u_gpu/u_rasterizer/ini_clor_B2_i_71_n_0
    SLICE_X36Y50         CARRY4 (Prop_carry4_CI_CO[1])
                                                      0.157   104.206 r  u_gpu/u_rasterizer/ini_clor_B2_i_32/CO[1]
                         net (fo=36, routed)          1.343   105.549    u_gpu/u_rasterizer/dclorB_x1[3]
    SLICE_X38Y42         LUT5 (Prop_lut5_I1_O)        0.329   105.878 r  u_gpu/u_rasterizer/ini_clor_B2_i_1009/O
                         net (fo=1, routed)           0.000   105.878    u_gpu/u_rasterizer/ini_clor_B2_i_1009_n_0
    SLICE_X38Y42         CARRY4 (Prop_carry4_S[1]_CO[3])
                                                      0.533   106.411 r  u_gpu/u_rasterizer/ini_clor_B2_i_872/CO[3]
                         net (fo=1, routed)           0.000   106.411    u_gpu/u_rasterizer/ini_clor_B2_i_872_n_0
    SLICE_X38Y43         CARRY4 (Prop_carry4_CI_CO[3])
                                                      0.117   106.528 r  u_gpu/u_rasterizer/ini_clor_B2_i_727/CO[3]
                         net (fo=1, routed)           0.000   106.528    u_gpu/u_rasterizer/ini_clor_B2_i_727_n_0
    SLICE_X38Y44         CARRY4 (Prop_carry4_CI_CO[3])
                                                      0.117   106.645 r  u_gpu/u_rasterizer/ini_clor_B2_i_592/CO[3]
                         net (fo=1, routed)           0.000   106.645    u_gpu/u_rasterizer/ini_clor_B2_i_592_n_0
    SLICE_X38Y45         CARRY4 (Prop_carry4_CI_CO[3])
                                                      0.117   106.762 r  u_gpu/u_rasterizer/ini_clor_B2_i_467/CO[3]
                         net (fo=1, routed)           0.000   106.762    u_gpu/u_rasterizer/ini_clor_B2_i_467_n_0
    SLICE_X38Y46         CARRY4 (Prop_carry4_CI_CO[3])
                                                      0.117   106.879 r  u_gpu/u_rasterizer/ini_clor_B2_i_352/CO[3]
                         net (fo=1, routed)           0.000   106.879    u_gpu/u_rasterizer/ini_clor_B2_i_352_n_0
    SLICE_X38Y47         CARRY4 (Prop_carry4_CI_CO[3])
                                                      0.117   106.996 r  u_gpu/u_rasterizer/ini_clor_B2_i_247/CO[3]
                         net (fo=1, routed)           0.000   106.996    u_gpu/u_rasterizer/ini_clor_B2_i_247_n_0
    SLICE_X38Y48         CARRY4 (Prop_carry4_CI_CO[3])
                                                      0.117   107.113 r  u_gpu/u_rasterizer/ini_clor_B2_i_152/CO[3]
                         net (fo=1, routed)           0.000   107.113    u_gpu/u_rasterizer/ini_clor_B2_i_152_n_0
    SLICE_X38Y49         CARRY4 (Prop_carry4_CI_CO[3])
                                                      0.117   107.230 r  u_gpu/u_rasterizer/ini_clor_B2_i_74/CO[3]
                         net (fo=1, routed)           0.001   107.231    u_gpu/u_rasterizer/ini_clor_B2_i_74_n_0
    SLICE_X38Y50         CARRY4 (Prop_carry4_CI_CO[1])
                                                      0.157   107.388 r  u_gpu/u_rasterizer/ini_clor_B2_i_33/CO[1]
                         net (fo=36, routed)          1.286   108.673    u_gpu/u_rasterizer/dclorB_x1[2]
    SLICE_X39Y42         LUT5 (Prop_lut5_I1_O)        0.332   109.005 r  u_gpu/u_rasterizer/ini_clor_B2_i_1013/O
                         net (fo=1, routed)           0.000   109.005    u_gpu/u_rasterizer/ini_clor_B2_i_1013_n_0
    SLICE_X39Y42         CARRY4 (Prop_carry4_S[1]_CO[3])
                                                      0.550   109.555 r  u_gpu/u_rasterizer/ini_clor_B2_i_877/CO[3]
                         net (fo=1, routed)           0.000   109.555    u_gpu/u_rasterizer/ini_clor_B2_i_877_n_0
    SLICE_X39Y43         CARRY4 (Prop_carry4_CI_CO[3])
                                                      0.114   109.669 r  u_gpu/u_rasterizer/ini_clor_B2_i_732/CO[3]
                         net (fo=1, routed)           0.000   109.669    u_gpu/u_rasterizer/ini_clor_B2_i_732_n_0
    SLICE_X39Y44         CARRY4 (Prop_carry4_CI_CO[3])
                                                      0.114   109.783 r  u_gpu/u_rasterizer/ini_clor_B2_i_597/CO[3]
                         net (fo=1, routed)           0.000   109.783    u_gpu/u_rasterizer/ini_clor_B2_i_597_n_0
    SLICE_X39Y45         CARRY4 (Prop_carry4_CI_CO[3])
                                                      0.114   109.897 r  u_gpu/u_rasterizer/ini_clor_B2_i_472/CO[3]
                         net (fo=1, routed)           0.000   109.897    u_gpu/u_rasterizer/ini_clor_B2_i_472_n_0
    SLICE_X39Y46         CARRY4 (Prop_carry4_CI_CO[3])
                                                      0.114   110.011 r  u_gpu/u_rasterizer/ini_clor_B2_i_357/CO[3]
                         net (fo=1, routed)           0.000   110.011    u_gpu/u_rasterizer/ini_clor_B2_i_357_n_0
    SLICE_X39Y47         CARRY4 (Prop_carry4_CI_CO[3])
                                                      0.114   110.125 r  u_gpu/u_rasterizer/ini_clor_B2_i_252/CO[3]
                         net (fo=1, routed)           0.000   110.125    u_gpu/u_rasterizer/ini_clor_B2_i_252_n_0
    SLICE_X39Y48         CARRY4 (Prop_carry4_CI_CO[3])
                                                      0.114   110.239 r  u_gpu/u_rasterizer/ini_clor_B2_i_157/CO[3]
                         net (fo=1, routed)           0.000   110.239    u_gpu/u_rasterizer/ini_clor_B2_i_157_n_0
    SLICE_X39Y49         CARRY4 (Prop_carry4_CI_CO[3])
                                                      0.114   110.353 r  u_gpu/u_rasterizer/ini_clor_B2_i_77/CO[3]
                         net (fo=1, routed)           0.001   110.354    u_gpu/u_rasterizer/ini_clor_B2_i_77_n_0
    SLICE_X39Y50         CARRY4 (Prop_carry4_CI_CO[1])
                                                      0.157   110.511 r  u_gpu/u_rasterizer/ini_clor_B2_i_34/CO[1]
                         net (fo=36, routed)          1.968   112.479    u_gpu/u_rasterizer/dclorB_x1[1]
    SLICE_X42Y38         LUT3 (Prop_lut3_I1_O)        0.329   112.808 r  u_gpu/u_rasterizer/ini_clor_B2_i_1018/O
                         net (fo=1, routed)           0.000   112.808    u_gpu/u_rasterizer/ini_clor_B2_i_1018_n_0
    SLICE_X42Y38         CARRY4 (Prop_carry4_S[0]_CO[3])
                                                      0.513   113.321 r  u_gpu/u_rasterizer/ini_clor_B2_i_882/CO[3]
                         net (fo=1, routed)           0.000   113.321    u_gpu/u_rasterizer/ini_clor_B2_i_882_n_0
    SLICE_X42Y39         CARRY4 (Prop_carry4_CI_CO[3])
                                                      0.117   113.438 r  u_gpu/u_rasterizer/ini_clor_B2_i_737/CO[3]
                         net (fo=1, routed)           0.000   113.438    u_gpu/u_rasterizer/ini_clor_B2_i_737_n_0
    SLICE_X42Y40         CARRY4 (Prop_carry4_CI_CO[3])
                                                      0.117   113.555 r  u_gpu/u_rasterizer/ini_clor_B2_i_602/CO[3]
                         net (fo=1, routed)           0.000   113.555    u_gpu/u_rasterizer/ini_clor_B2_i_602_n_0
    SLICE_X42Y41         CARRY4 (Prop_carry4_CI_CO[3])
                                                      0.117   113.672 r  u_gpu/u_rasterizer/ini_clor_B2_i_477/CO[3]
                         net (fo=1, routed)           0.000   113.672    u_gpu/u_rasterizer/ini_clor_B2_i_477_n_0
    SLICE_X42Y42         CARRY4 (Prop_carry4_CI_CO[3])
                                                      0.117   113.789 r  u_gpu/u_rasterizer/ini_clor_B2_i_362/CO[3]
                         net (fo=1, routed)           0.000   113.789    u_gpu/u_rasterizer/ini_clor_B2_i_362_n_0
    SLICE_X42Y43         CARRY4 (Prop_carry4_CI_CO[3])
                                                      0.117   113.906 r  u_gpu/u_rasterizer/ini_clor_B2_i_257/CO[3]
                         net (fo=1, routed)           0.000   113.906    u_gpu/u_rasterizer/ini_clor_B2_i_257_n_0
    SLICE_X42Y44         CARRY4 (Prop_carry4_CI_CO[3])
                                                      0.117   114.023 r  u_gpu/u_rasterizer/ini_clor_B2_i_162/CO[3]
                         net (fo=1, routed)           0.000   114.023    u_gpu/u_rasterizer/ini_clor_B2_i_162_n_0
    SLICE_X42Y45         CARRY4 (Prop_carry4_CI_CO[3])
                                                      0.117   114.140 r  u_gpu/u_rasterizer/ini_clor_B2_i_80/CO[3]
                         net (fo=1, routed)           0.000   114.140    u_gpu/u_rasterizer/ini_clor_B2_i_80_n_0
    SLICE_X42Y46         CARRY4 (Prop_carry4_CI_CO[0])
                                                      0.254   114.394 r  u_gpu/u_rasterizer/ini_clor_B2_i_35/CO[0]
                         net (fo=1, routed)           1.635   116.029    u_gpu/u_rasterizer/dclorB_x1[0]
    SLICE_X47Y68         CARRY4 (Prop_carry4_S[0]_CO[3])
                                                      0.899   116.928 r  u_gpu/u_rasterizer/ini_clor_B2_i_4/CO[3]
                         net (fo=1, routed)           0.000   116.928    u_gpu/u_rasterizer/ini_clor_B2_i_4_n_0
    SLICE_X47Y69         CARRY4 (Prop_carry4_CI_CO[3])
                                                      0.114   117.042 r  u_gpu/u_rasterizer/ini_clor_B2_i_3/CO[3]
                         net (fo=1, routed)           0.000   117.042    u_gpu/u_rasterizer/ini_clor_B2_i_3_n_0
    SLICE_X47Y70         CARRY4 (Prop_carry4_CI_CO[3])
                                                      0.114   117.156 r  u_gpu/u_rasterizer/ini_clor_B2_i_2/CO[3]
                         net (fo=1, routed)           0.000   117.156    u_gpu/u_rasterizer/ini_clor_B2_i_2_n_0
    SLICE_X47Y71         CARRY4 (Prop_carry4_CI_O[2])
                                                      0.256   117.412 r  u_gpu/u_rasterizer/ini_clor_B2_i_1/O[2]
                         net (fo=17, routed)          1.680   119.091    u_gpu/u_rasterizer/ini_clor_B2_i_1_n_5
    DSP48_X1Y30          DSP48E1                                      r  u_gpu/u_rasterizer/ini_clor_B2/A[16]
  -------------------------------------------------------------------    -------------------

                         (clock gpu_raw rise edge)  160.000   160.000 r  
    E3                                                0.000   160.000 r  CLK100MHZ (IN)
                         net (fo=0)                   0.000   160.000    u_clocks/CLK100MHZ
    E3                   IBUF (Prop_ibuf_I_O)         1.411   161.411 r  u_clocks/u_input/O
                         net (fo=1, routed)           1.162   162.573    u_clocks/input_clock
    MMCME2_ADV_X1Y2      MMCME2_ADV (Prop_mmcme2_adv_CLKIN1_CLKOUT1)
                                                     -7.324   155.249 r  u_clocks/u_mmcm/CLKOUT1
                         net (fo=1, routed)           1.639   156.888    u_clocks/gpu_raw
    BUFGCTRL_X0Y16       BUFG (Prop_bufg_I_O)         0.091   156.979 r  u_clocks/u_gpu/O
                         net (fo=906, routed)         1.580   158.559    u_gpu/u_rasterizer/clk_gpu
    DSP48_X1Y30          DSP48E1                                      r  u_gpu/u_rasterizer/ini_clor_B2/CLK
                         clock pessimism              0.487   159.047    
                         clock uncertainty           -0.126   158.920    
    DSP48_X1Y30          DSP48E1 (Setup_dsp48e1_CLK_A[16])
                                                     -0.540   158.380    u_gpu/u_rasterizer/ini_clor_B2
  -------------------------------------------------------------------
                         required time                        158.380    
                         arrival time                        -119.092    
  -------------------------------------------------------------------
                         slack                                 39.289    





Min Delay Paths
--------------------------------------------------------------------------------------
Slack (MET) :             0.037ns  (arrival time - required time)
  Source:                 u_gpu/u_rasterizer/ef_v1_reg[1]/C
                            (rising edge-triggered cell FDRE clocked by gpu_raw  {rise@0.000ns fall@80.000ns period=160.000ns})
  Destination:            u_gpu/u_rasterizer/ef_i1_reg[1]/D
                            (rising edge-triggered cell FDRE clocked by gpu_raw  {rise@0.000ns fall@80.000ns period=160.000ns})
  Path Group:             gpu_raw
  Path Type:              Hold (Min at Fast Process Corner)
  Requirement:            0.000ns  (gpu_raw rise@0.000ns - gpu_raw rise@0.000ns)
  Data Path Delay:        0.425ns  (logic 0.209ns (49.215%)  route 0.216ns (50.785%))
  Logic Levels:           1  (LUT4=1)
  Clock Path Skew:        0.268ns (DCD - SCD - CPR)
    Destination Clock Delay (DCD):    -0.836ns
    Source Clock Delay      (SCD):    -0.600ns
    Clock Pessimism Removal (CPR):    -0.504ns

    Location             Delay type                Incr(ns)  Path(ns)    Netlist Resource(s)
  -------------------------------------------------------------------    -------------------
                         (clock gpu_raw rise edge)    0.000     0.000 r  
    E3                                                0.000     0.000 r  CLK100MHZ (IN)
                         net (fo=0)                   0.000     0.000    u_clocks/CLK100MHZ
    E3                   IBUF (Prop_ibuf_I_O)         0.250     0.250 r  u_clocks/u_input/O
                         net (fo=1, routed)           0.440     0.690    u_clocks/input_clock
    MMCME2_ADV_X1Y2      MMCME2_ADV (Prop_mmcme2_adv_CLKIN1_CLKOUT1)
                                                     -2.379    -1.689 r  u_clocks/u_mmcm/CLKOUT1
                         net (fo=1, routed)           0.499    -1.190    u_clocks/gpu_raw
    BUFGCTRL_X0Y16       BUFG (Prop_bufg_I_O)         0.026    -1.164 r  u_clocks/u_gpu/O
                         net (fo=906, routed)         0.564    -0.600    u_gpu/u_rasterizer/clk_gpu
    SLICE_X54Y95         FDRE                                         r  u_gpu/u_rasterizer/ef_v1_reg[1]/C
  -------------------------------------------------------------------    -------------------
    SLICE_X54Y95         FDRE (Prop_fdre_C_Q)         0.164    -0.436 r  u_gpu/u_rasterizer/ef_v1_reg[1]/Q
                         net (fo=2, routed)           0.216    -0.221    u_gpu/u_rasterizer/ef_v1[1]
    SLICE_X46Y96         LUT4 (Prop_lut4_I2_O)        0.045    -0.176 r  u_gpu/u_rasterizer/ef_i1[1]_i_1/O
                         net (fo=1, routed)           0.000    -0.176    u_gpu/u_rasterizer/ef_i1[1]_i_1_n_0
    SLICE_X46Y96         FDRE                                         r  u_gpu/u_rasterizer/ef_i1_reg[1]/D
  -------------------------------------------------------------------    -------------------

                         (clock gpu_raw rise edge)    0.000     0.000 r  
    E3                                                0.000     0.000 r  CLK100MHZ (IN)
                         net (fo=0)                   0.000     0.000    u_clocks/CLK100MHZ
    E3                   IBUF (Prop_ibuf_I_O)         0.438     0.438 r  u_clocks/u_input/O
                         net (fo=1, routed)           0.480     0.918    u_clocks/input_clock
    MMCME2_ADV_X1Y2      MMCME2_ADV (Prop_mmcme2_adv_CLKIN1_CLKOUT1)
                                                     -3.163    -2.245 r  u_clocks/u_mmcm/CLKOUT1
                         net (fo=1, routed)           0.544    -1.702    u_clocks/gpu_raw
    BUFGCTRL_X0Y16       BUFG (Prop_bufg_I_O)         0.029    -1.673 r  u_clocks/u_gpu/O
                         net (fo=906, routed)         0.837    -0.836    u_gpu/u_rasterizer/clk_gpu
    SLICE_X46Y96         FDRE                                         r  u_gpu/u_rasterizer/ef_i1_reg[1]/C
                         clock pessimism              0.504    -0.332    
    SLICE_X46Y96         FDRE (Hold_fdre_C_D)         0.120    -0.212    u_gpu/u_rasterizer/ef_i1_reg[1]
  -------------------------------------------------------------------
                         required time                          0.212    
                         arrival time                          -0.176    
  -------------------------------------------------------------------
                         slack                                  0.037    





Pulse Width Checks
--------------------------------------------------------------------------------------
Clock Name:         gpu_raw
Waveform(ns):       { 0.000 80.000 }
Period(ns):         160.000
Sources:            { u_clocks/u_mmcm/CLKOUT1 }

Check Type        Corner  Lib Pin             Reference Pin  Required(ns)  Actual(ns)  Slack(ns)  Location         Pin
Min Period        n/a     DSP48E1/CLK         n/a            3.884         160.000     156.116    DSP48_X2Y35      u_gpu/u_rasterizer/C0_reg/CLK
Max Period        n/a     MMCME2_ADV/CLKOUT1  n/a            213.360       160.000     53.360     MMCME2_ADV_X1Y2  u_clocks/u_mmcm/CLKOUT1
Low Pulse Width   Slow    FDSE/C              n/a            0.500         80.000      79.500     SLICE_X49Y109    FSM_onehot_state_reg[0]/C
High Pulse Width  Slow    FDSE/C              n/a            0.500         80.000      79.500     SLICE_X49Y109    FSM_onehot_state_reg[0]/C



---------------------------------------------------------------------------------------------------
From Clock:  pixel_raw
  To Clock:  pixel_raw

Setup :            0  Failing Endpoints,  Worst Slack       26.946ns,  Total Violation        0.000ns
Hold  :            0  Failing Endpoints,  Worst Slack        0.122ns,  Total Violation        0.000ns
PW    :            0  Failing Endpoints,  Worst Slack       19.500ns,  Total Violation        0.000ns
---------------------------------------------------------------------------------------------------


Max Delay Paths
--------------------------------------------------------------------------------------
Slack (MET) :             26.946ns  (required time - arrival time)
  Source:                 u_vga/fb_addr0/CLK
                            (rising edge-triggered cell DSP48E1 clocked by pixel_raw  {rise@0.000ns fall@20.000ns period=40.000ns})
  Destination:            u_framebuffer/memory_reg_2_0/ENBWREN
                            (rising edge-triggered cell RAMB36E1 clocked by pixel_raw  {rise@0.000ns fall@20.000ns period=40.000ns})
  Path Group:             pixel_raw
  Path Type:              Setup (Max at Slow Process Corner)
  Requirement:            40.000ns  (pixel_raw rise@40.000ns - pixel_raw rise@0.000ns)
  Data Path Delay:        12.472ns  (logic 4.257ns (34.132%)  route 8.215ns (65.868%))
  Logic Levels:           2  (LUT2=1 LUT3=1)
  Clock Path Skew:        -0.040ns (DCD - SCD + CPR)
    Destination Clock Delay (DCD):    -1.375ns = ( 38.625 - 40.000 ) 
    Source Clock Delay      (SCD):    -0.855ns
    Clock Pessimism Removal (CPR):    0.480ns
  Clock Uncertainty:      0.099ns  ((TSJ^2 + DJ^2)^1/2) / 2 + PE
    Total System Jitter     (TSJ):    0.071ns
    Discrete Jitter          (DJ):    0.186ns
    Phase Error              (PE):    0.000ns

    Location             Delay type                Incr(ns)  Path(ns)    Netlist Resource(s)
  -------------------------------------------------------------------    -------------------
                         (clock pixel_raw rise edge)
                                                      0.000     0.000 r  
    E3                                                0.000     0.000 r  CLK100MHZ (IN)
                         net (fo=0)                   0.000     0.000    u_clocks/CLK100MHZ
    E3                   IBUF (Prop_ibuf_I_O)         1.482     1.482 r  u_clocks/u_input/O
                         net (fo=1, routed)           1.233     2.715    u_clocks/input_clock
    MMCME2_ADV_X1Y2      MMCME2_ADV (Prop_mmcme2_adv_CLKIN1_CLKOUT0)
                                                     -7.070    -4.355 r  u_clocks/u_mmcm/CLKOUT0
                         net (fo=1, routed)           1.719    -2.636    u_clocks/pixel_raw
    BUFGCTRL_X0Y17       BUFG (Prop_bufg_I_O)         0.096    -2.540 r  u_clocks/u_pixel/O
                         net (fo=126, routed)         1.686    -0.855    u_vga/clk_pixel
    DSP48_X1Y48          DSP48E1                                      r  u_vga/fb_addr0/CLK
  -------------------------------------------------------------------    -------------------
    DSP48_X1Y48          DSP48E1 (Prop_dsp48e1_CLK_P[15])
                                                      4.009     3.154 f  u_vga/fb_addr0/P[15]
                         net (fo=3, routed)           0.827     3.981    u_vga/fb_addr0_n_90
    SLICE_X58Y119        LUT2 (Prop_lut2_I1_O)        0.124     4.105 f  u_vga/memory_reg_0_0_i_19/O
                         net (fo=45, routed)          5.654     9.759    u_framebuffer/ADDRBWRADDR[15]
    SLICE_X72Y88         LUT3 (Prop_lut3_I1_O)        0.124     9.883 r  u_framebuffer/memory_reg_2_0_ENBWREN_cooolgate_en_gate_16/O
                         net (fo=1, routed)           1.734    11.617    u_framebuffer/memory_reg_2_0_ENBWREN_cooolgate_en_sig_10
    RAMB36_X3Y11         RAMB36E1                                     r  u_framebuffer/memory_reg_2_0/ENBWREN
  -------------------------------------------------------------------    -------------------

                         (clock pixel_raw rise edge)
                                                     40.000    40.000 r  
    E3                                                0.000    40.000 r  CLK100MHZ (IN)
                         net (fo=0)                   0.000    40.000    u_clocks/CLK100MHZ
    E3                   IBUF (Prop_ibuf_I_O)         1.411    41.411 r  u_clocks/u_input/O
                         net (fo=1, routed)           1.162    42.573    u_clocks/input_clock
    MMCME2_ADV_X1Y2      MMCME2_ADV (Prop_mmcme2_adv_CLKIN1_CLKOUT0)
                                                     -7.324    35.249 r  u_clocks/u_mmcm/CLKOUT0
                         net (fo=1, routed)           1.639    36.888    u_clocks/pixel_raw
    BUFGCTRL_X0Y17       BUFG (Prop_bufg_I_O)         0.091    36.979 r  u_clocks/u_pixel/O
                         net (fo=126, routed)         1.646    38.625    u_framebuffer/clk_pixel
    RAMB36_X3Y11         RAMB36E1                                     r  u_framebuffer/memory_reg_2_0/CLKBWRCLK
                         clock pessimism              0.480    39.106    
                         clock uncertainty           -0.099    39.006    
    RAMB36_X3Y11         RAMB36E1 (Setup_ramb36e1_CLKBWRCLK_ENBWREN)
                                                     -0.443    38.563    u_framebuffer/memory_reg_2_0
  -------------------------------------------------------------------
                         required time                         38.563    
                         arrival time                         -11.617    
  -------------------------------------------------------------------
                         slack                                 26.946    





Min Delay Paths
--------------------------------------------------------------------------------------
Slack (MET) :             0.122ns  (arrival time - required time)
  Source:                 u_pixel_reset/reset_pipe_reg[0]/C
                            (rising edge-triggered cell FDPE clocked by pixel_raw  {rise@0.000ns fall@20.000ns period=40.000ns})
  Destination:            u_pixel_reset/reset_pipe_reg[1]/D
                            (rising edge-triggered cell FDPE clocked by pixel_raw  {rise@0.000ns fall@20.000ns period=40.000ns})
  Path Group:             pixel_raw
  Path Type:              Hold (Min at Fast Process Corner)
  Requirement:            0.000ns  (pixel_raw rise@0.000ns - pixel_raw rise@0.000ns)
  Data Path Delay:        0.197ns  (logic 0.141ns (71.611%)  route 0.056ns (28.389%))
  Logic Levels:           0  
  Clock Path Skew:        0.000ns (DCD - SCD - CPR)
    Destination Clock Delay (DCD):    -0.848ns
    Source Clock Delay      (SCD):    -0.607ns
    Clock Pessimism Removal (CPR):    -0.241ns

    Location             Delay type                Incr(ns)  Path(ns)    Netlist Resource(s)
  -------------------------------------------------------------------    -------------------
                         (clock pixel_raw rise edge)
                                                      0.000     0.000 r  
    E3                                                0.000     0.000 r  CLK100MHZ (IN)
                         net (fo=0)                   0.000     0.000    u_clocks/CLK100MHZ
    E3                   IBUF (Prop_ibuf_I_O)         0.250     0.250 r  u_clocks/u_input/O
                         net (fo=1, routed)           0.440     0.690    u_clocks/input_clock
    MMCME2_ADV_X1Y2      MMCME2_ADV (Prop_mmcme2_adv_CLKIN1_CLKOUT0)
                                                     -2.379    -1.689 r  u_clocks/u_mmcm/CLKOUT0
                         net (fo=1, routed)           0.499    -1.190    u_clocks/pixel_raw
    BUFGCTRL_X0Y17       BUFG (Prop_bufg_I_O)         0.026    -1.164 r  u_clocks/u_pixel/O
                         net (fo=126, routed)         0.557    -0.607    u_pixel_reset/clk_pixel
    SLICE_X45Y116        FDPE                                         r  u_pixel_reset/reset_pipe_reg[0]/C
  -------------------------------------------------------------------    -------------------
    SLICE_X45Y116        FDPE (Prop_fdpe_C_Q)         0.141    -0.466 r  u_pixel_reset/reset_pipe_reg[0]/Q
                         net (fo=1, routed)           0.056    -0.410    u_pixel_reset/reset_pipe[0]
    SLICE_X45Y116        FDPE                                         r  u_pixel_reset/reset_pipe_reg[1]/D
  -------------------------------------------------------------------    -------------------

                         (clock pixel_raw rise edge)
                                                      0.000     0.000 r  
    E3                                                0.000     0.000 r  CLK100MHZ (IN)
                         net (fo=0)                   0.000     0.000    u_clocks/CLK100MHZ
    E3                   IBUF (Prop_ibuf_I_O)         0.438     0.438 r  u_clocks/u_input/O
                         net (fo=1, routed)           0.480     0.918    u_clocks/input_clock
    MMCME2_ADV_X1Y2      MMCME2_ADV (Prop_mmcme2_adv_CLKIN1_CLKOUT0)
                                                     -3.163    -2.245 r  u_clocks/u_mmcm/CLKOUT0
                         net (fo=1, routed)           0.544    -1.702    u_clocks/pixel_raw
    BUFGCTRL_X0Y17       BUFG (Prop_bufg_I_O)         0.029    -1.673 r  u_clocks/u_pixel/O
                         net (fo=126, routed)         0.825    -0.848    u_pixel_reset/clk_pixel
    SLICE_X45Y116        FDPE                                         r  u_pixel_reset/reset_pipe_reg[1]/C
                         clock pessimism              0.241    -0.607    
    SLICE_X45Y116        FDPE (Hold_fdpe_C_D)         0.075    -0.532    u_pixel_reset/reset_pipe_reg[1]
  -------------------------------------------------------------------
                         required time                          0.532    
                         arrival time                          -0.410    
  -------------------------------------------------------------------
                         slack                                  0.122    





Pulse Width Checks
--------------------------------------------------------------------------------------
Clock Name:         pixel_raw
Waveform(ns):       { 0.000 20.000 }
Period(ns):         40.000
Sources:            { u_clocks/u_mmcm/CLKOUT0 }

Check Type        Corner  Lib Pin             Reference Pin  Required(ns)  Actual(ns)  Slack(ns)  Location         Pin
Min Period        n/a     RAMB36E1/CLKBWRCLK  n/a            2.892         40.000      37.108     RAMB36_X3Y13     u_framebuffer/memory_reg_0_0/CLKBWRCLK
Max Period        n/a     MMCME2_ADV/CLKOUT0  n/a            213.360       40.000      173.360    MMCME2_ADV_X1Y2  u_clocks/u_mmcm/CLKOUT0
Low Pulse Width   Slow    FDRE/C              n/a            0.500         20.000      19.500     SLICE_X59Y123    u_framebuffer/memory_reg_mux_sel_b_pos_0__6/C
High Pulse Width  Slow    FDRE/C              n/a            0.500         20.000      19.500     SLICE_X59Y123    u_framebuffer/memory_reg_mux_sel_b_pos_0__6/C



---------------------------------------------------------------------------------------------------
Path Group:  **default**
From Clock:  pixel_raw
  To Clock:  

Setup :            0  Failing Endpoints,  Worst Slack        1.803ns,  Total Violation        0.000ns
Hold  :           NA  Failing Endpoints,  Worst Slack           NA  ,  Total Violation           NA
---------------------------------------------------------------------------------------------------


Max Delay Paths
--------------------------------------------------------------------------------------
Slack (MET) :             1.803ns  (required time - arrival time)
  Source:                 u_vga/VGA_B_reg[2]/C
                            (rising edge-triggered cell FDRE clocked by pixel_raw  {rise@0.000ns fall@20.000ns period=40.000ns})
  Destination:            VGA_B[0]
  Path Group:             **default**
  Path Type:              Max at Slow Process Corner
  Requirement:            10.000ns  (MaxDelay Path 10.000ns)
  Data Path Delay:        8.197ns  (logic 4.502ns (54.924%)  route 3.695ns (45.076%))
  Logic Levels:           1  (OBUF=1)
  Output Delay:           0.000ns
  Timing Exception:       MaxDelay Path 10.000ns -datapath_only

    Location             Delay type                Incr(ns)  Path(ns)    Netlist Resource(s)
  -------------------------------------------------------------------    -------------------
    SLICE_X74Y100                                     0.000     0.000 r  u_vga/VGA_B_reg[2]/C
    SLICE_X74Y100        FDRE (Prop_fdre_C_Q)         0.518     0.518 r  u_vga/VGA_B_reg[2]/Q
                         net (fo=2, routed)           3.695     4.213    VGA_B_OBUF[0]
    B7                   OBUF (Prop_obuf_I_O)         3.984     8.197 r  VGA_B_OBUF[0]_inst/O
                         net (fo=0)                   0.000     8.197    VGA_B[0]
    B7                                                                r  VGA_B[0] (OUT)
  -------------------------------------------------------------------    -------------------

                         max delay                   10.000    10.000    
                         output delay                -0.000    10.000    
  -------------------------------------------------------------------
                         required time                         10.000    
                         arrival time                          -8.197    
  -------------------------------------------------------------------
                         slack                                  1.803    





--------------------------------------------------------------------------------------
Path Group:  (none)
From Clock:  
  To Clock:  

Max Delay             1 Endpoint
Min Delay             1 Endpoint
--------------------------------------------------------------------------------------


Max Delay Paths
--------------------------------------------------------------------------------------
Slack:                    inf
  Source:                 u_clocks/u_mmcm/LOCKED
                            (internal pin)
  Destination:            LED[0]
                            (output port)
  Path Group:             (none)
  Path Type:              Max at Slow Process Corner
  Data Path Delay:        8.963ns  (logic 3.957ns (44.153%)  route 5.005ns (55.847%))
  Logic Levels:           1  (OBUF=1)
  Timing Exception:       False Path

    Location             Delay type                Incr(ns)  Path(ns)    Netlist Resource(s)
  -------------------------------------------------------------------    -------------------
    MMCME2_ADV_X1Y2      MMCME2_ADV                   0.000     0.000 r  u_clocks/u_mmcm/LOCKED
                         net (fo=2, routed)           5.005     5.005    LED_OBUF[0]
    H17                  OBUF (Prop_obuf_I_O)         3.957     8.963 r  LED_OBUF[0]_inst/O
                         net (fo=0)                   0.000     8.963    LED[0]
    H17                                                               r  LED[0] (OUT)
  -------------------------------------------------------------------    -------------------





Min Delay Paths
--------------------------------------------------------------------------------------
Slack:                    inf
  Source:                 u_clocks/u_mmcm/LOCKED
                            (internal pin)
  Destination:            LED[0]
                            (output port)
  Path Group:             (none)
  Path Type:              Min at Fast Process Corner
  Data Path Delay:        3.873ns  (logic 1.960ns (50.619%)  route 1.912ns (49.381%))
  Logic Levels:           1  (OBUF=1)
  Timing Exception:       False Path

    Location             Delay type                Incr(ns)  Path(ns)    Netlist Resource(s)
  -------------------------------------------------------------------    -------------------
    MMCME2_ADV_X1Y2      MMCME2_ADV                   0.000     0.000 r  u_clocks/u_mmcm/LOCKED
                         net (fo=2, routed)           1.912     1.912    LED_OBUF[0]
    H17                  OBUF (Prop_obuf_I_O)         1.960     3.873 r  LED_OBUF[0]_inst/O
                         net (fo=0)                   0.000     3.873    LED[0]
    H17                                                               r  LED[0] (OUT)
  -------------------------------------------------------------------    -------------------





--------------------------------------------------------------------------------------
Path Group:  (none)
From Clock:  gpu_raw
  To Clock:  

Max Delay             2 Endpoints
Min Delay             2 Endpoints
--------------------------------------------------------------------------------------


Max Delay Paths
--------------------------------------------------------------------------------------
Slack:                    inf
  Source:                 FSM_onehot_state_reg[3]/C
                            (rising edge-triggered cell FDRE clocked by gpu_raw  {rise@0.000ns fall@80.000ns period=160.000ns})
  Destination:            LED[1]
                            (output port)
  Path Group:             (none)
  Path Type:              Max at Slow Process Corner
  Data Path Delay:        8.256ns  (logic 4.552ns (55.140%)  route 3.704ns (44.860%))
  Logic Levels:           2  (LUT1=1 OBUF=1)
  Clock Uncertainty:      0.238ns  ((TSJ^2 + DJ^2)^1/2) / 2 + PE
    Total System Jitter     (TSJ):    0.050ns
    Discrete Jitter          (DJ):    0.243ns
    Phase Error              (PE):    0.114ns
  Timing Exception:       False Path

    Location             Delay type                Incr(ns)  Path(ns)    Netlist Resource(s)
  -------------------------------------------------------------------    -------------------
                         (clock gpu_raw rise edge)    0.000     0.000 r  
    E3                                                0.000     0.000 r  CLK100MHZ (IN)
                         net (fo=0)                   0.000     0.000    u_clocks/CLK100MHZ
    E3                   IBUF (Prop_ibuf_I_O)         1.482     1.482 r  u_clocks/u_input/O
                         net (fo=1, routed)           1.233     2.715    u_clocks/input_clock
    MMCME2_ADV_X1Y2      MMCME2_ADV (Prop_mmcme2_adv_CLKIN1_CLKOUT1)
                                                     -7.070    -4.355 r  u_clocks/u_mmcm/CLKOUT1
                         net (fo=1, routed)           1.719    -2.636    u_clocks/gpu_raw
    BUFGCTRL_X0Y16       BUFG (Prop_bufg_I_O)         0.096    -2.540 r  u_clocks/u_gpu/O
                         net (fo=906, routed)         1.616    -0.924    clk_gpu
    SLICE_X49Y109        FDRE                                         r  FSM_onehot_state_reg[3]/C
  -------------------------------------------------------------------    -------------------
    SLICE_X49Y109        FDRE (Prop_fdre_C_Q)         0.456    -0.468 f  FSM_onehot_state_reg[3]/Q
                         net (fo=2, routed)           1.838     1.370    LED_OBUF[2]
    SLICE_X0Y106         LUT1 (Prop_lut1_I0_O)        0.124     1.494 r  LED_OBUF[1]_inst_i_1/O
                         net (fo=1, routed)           1.865     3.359    LED_OBUF[1]
    K15                  OBUF (Prop_obuf_I_O)         3.972     7.332 r  LED_OBUF[1]_inst/O
                         net (fo=0)                   0.000     7.332    LED[1]
    K15                                                               r  LED[1] (OUT)
  -------------------------------------------------------------------    -------------------





Min Delay Paths
--------------------------------------------------------------------------------------
Slack:                    inf
  Source:                 FSM_onehot_state_reg[3]/C
                            (rising edge-triggered cell FDRE clocked by gpu_raw  {rise@0.000ns fall@80.000ns period=160.000ns})
  Destination:            LED[2]
                            (output port)
  Path Group:             (none)
  Path Type:              Min at Fast Process Corner
  Data Path Delay:        3.149ns  (logic 2.133ns (67.745%)  route 1.016ns (32.255%))
  Logic Levels:           1  (OBUF=1)
  Clock Uncertainty:      0.238ns  ((TSJ^2 + DJ^2)^1/2) / 2 + PE
    Total System Jitter     (TSJ):    0.050ns
    Discrete Jitter          (DJ):    0.243ns
    Phase Error              (PE):    0.114ns
  Timing Exception:       False Path

    Location             Delay type                Incr(ns)  Path(ns)    Netlist Resource(s)
  -------------------------------------------------------------------    -------------------
                         (clock gpu_raw rise edge)    0.000     0.000 r  
    E3                                                0.000     0.000 r  CLK100MHZ (IN)
                         net (fo=0)                   0.000     0.000    u_clocks/CLK100MHZ
    E3                   IBUF (Prop_ibuf_I_O)         0.250     0.250 r  u_clocks/u_input/O
                         net (fo=1, routed)           0.440     0.690    u_clocks/input_clock
    MMCME2_ADV_X1Y2      MMCME2_ADV (Prop_mmcme2_adv_CLKIN1_CLKOUT1)
                                                     -2.379    -1.689 r  u_clocks/u_mmcm/CLKOUT1
                         net (fo=1, routed)           0.499    -1.190    u_clocks/gpu_raw
    BUFGCTRL_X0Y16       BUFG (Prop_bufg_I_O)         0.026    -1.164 r  u_clocks/u_gpu/O
                         net (fo=906, routed)         0.559    -0.605    clk_gpu
    SLICE_X49Y109        FDRE                                         r  FSM_onehot_state_reg[3]/C
  -------------------------------------------------------------------    -------------------
    SLICE_X49Y109        FDRE (Prop_fdre_C_Q)         0.141    -0.464 r  FSM_onehot_state_reg[3]/Q
                         net (fo=2, routed)           1.016     0.552    LED_OBUF[2]
    J13                  OBUF (Prop_obuf_I_O)         1.992     2.544 r  LED_OBUF[2]_inst/O
                         net (fo=0)                   0.000     2.544    LED[2]
    J13                                                               r  LED[2] (OUT)
  -------------------------------------------------------------------    -------------------





--------------------------------------------------------------------------------------
Path Group:  (none)
From Clock:  pixel_raw
  To Clock:  

Max Delay             0 Endpoints
Min Delay            14 Endpoints
--------------------------------------------------------------------------------------


Min Delay Paths
--------------------------------------------------------------------------------------
Slack:                    inf
  Source:                 u_vga/VGA_G_reg[2]/C
                            (rising edge-triggered cell FDRE clocked by pixel_raw  {rise@0.000ns fall@20.000ns period=40.000ns})
  Destination:            VGA_G[2]
                            (output port)
  Path Group:             (none)
  Path Type:              Min at Fast Process Corner
  Data Path Delay:        2.887ns  (logic 2.150ns (74.461%)  route 0.737ns (25.539%))
  Logic Levels:           1  (OBUF=1)
  Clock Uncertainty:      0.210ns  ((TSJ^2 + DJ^2)^1/2) / 2 + PE
    Total System Jitter     (TSJ):    0.050ns
    Discrete Jitter          (DJ):    0.186ns
    Phase Error              (PE):    0.114ns
  Timing Exception:       False Path

    Location             Delay type                Incr(ns)  Path(ns)    Netlist Resource(s)
  -------------------------------------------------------------------    -------------------
                         (clock pixel_raw rise edge)
                                                      0.000     0.000 r  
    E3                                                0.000     0.000 r  CLK100MHZ (IN)
                         net (fo=0)                   0.000     0.000    u_clocks/CLK100MHZ
    E3                   IBUF (Prop_ibuf_I_O)         0.250     0.250 r  u_clocks/u_input/O
                         net (fo=1, routed)           0.440     0.690    u_clocks/input_clock
    MMCME2_ADV_X1Y2      MMCME2_ADV (Prop_mmcme2_adv_CLKIN1_CLKOUT0)
                                                     -2.379    -1.689 r  u_clocks/u_mmcm/CLKOUT0
                         net (fo=1, routed)           0.499    -1.190    u_clocks/pixel_raw
    BUFGCTRL_X0Y17       BUFG (Prop_bufg_I_O)         0.026    -1.164 r  u_clocks/u_pixel/O
                         net (fo=126, routed)         0.587    -0.577    u_vga/clk_pixel
    SLICE_X74Y134        FDRE                                         r  u_vga/VGA_G_reg[2]/C
  -------------------------------------------------------------------    -------------------
    SLICE_X74Y134        FDRE (Prop_fdre_C_Q)         0.164    -0.413 r  u_vga/VGA_G_reg[2]/Q
                         net (fo=1, routed)           0.737     0.324    VGA_G_OBUF[2]
    B6                   OBUF (Prop_obuf_I_O)         1.986     2.310 r  VGA_G_OBUF[2]_inst/O
                         net (fo=0)                   0.000     2.310    VGA_G[2]
    B6                                                                r  VGA_G[2] (OUT)
  -------------------------------------------------------------------    -------------------





--------------------------------------------------------------------------------------
Path Group:  (none)
From Clock:  
  To Clock:  gpu_raw

Max Delay             3 Endpoints
Min Delay             3 Endpoints
--------------------------------------------------------------------------------------


Max Delay Paths
--------------------------------------------------------------------------------------
Slack:                    inf
  Source:                 CPU_RESETN
                            (input port)
  Destination:            u_gpu_reset/reset_pipe_reg[0]/PRE
                            (recovery check against rising-edge clock gpu_raw  {rise@0.000ns fall@80.000ns period=160.000ns})
  Path Group:             (none)
  Path Type:              Recovery (Max at Slow Process Corner)
  Data Path Delay:        5.241ns  (logic 1.631ns (31.122%)  route 3.610ns (68.878%))
  Logic Levels:           2  (IBUF=1 LUT2=1)
  Clock Path Skew:        -1.523ns (DCD - SCD + CPR)
    Destination Clock Delay (DCD):    -1.523ns
    Source Clock Delay      (SCD):    0.000ns
    Clock Pessimism Removal (CPR):    0.000ns
  Clock Uncertainty:      0.238ns  ((TSJ^2 + DJ^2)^1/2) / 2 + PE
    Total System Jitter     (TSJ):    0.050ns
    Discrete Jitter          (DJ):    0.243ns
    Phase Error              (PE):    0.114ns
  Timing Exception:       False Path

    Location             Delay type                Incr(ns)  Path(ns)    Netlist Resource(s)
  -------------------------------------------------------------------    -------------------
    C12                                               0.000     0.000 r  CPU_RESETN (IN)
                         net (fo=0)                   0.000     0.000    CPU_RESETN
    C12                  IBUF (Prop_ibuf_I_O)         1.507     1.507 r  CPU_RESETN_IBUF_inst/O
                         net (fo=2, routed)           3.064     4.571    u_clocks/CPU_RESETN_IBUF
    SLICE_X44Y108        LUT2 (Prop_lut2_I0_O)        0.124     4.695 f  u_clocks/reset_pipe[2]_i_1/O
                         net (fo=6, routed)           0.545     5.241    u_gpu_reset/AS[0]
    SLICE_X44Y108        FDPE                                         f  u_gpu_reset/reset_pipe_reg[0]/PRE
  -------------------------------------------------------------------    -------------------

                         (clock gpu_raw rise edge)    0.000     0.000 r  
    E3                                                0.000     0.000 r  CLK100MHZ (IN)
                         net (fo=0)                   0.000     0.000    u_clocks/CLK100MHZ
    E3                   IBUF (Prop_ibuf_I_O)         1.411     1.411 r  u_clocks/u_input/O
                         net (fo=1, routed)           1.162     2.573    u_clocks/input_clock
    MMCME2_ADV_X1Y2      MMCME2_ADV (Prop_mmcme2_adv_CLKIN1_CLKOUT1)
                                                     -7.324    -4.751 r  u_clocks/u_mmcm/CLKOUT1
                         net (fo=1, routed)           1.639    -3.112    u_clocks/gpu_raw
    BUFGCTRL_X0Y16       BUFG (Prop_bufg_I_O)         0.091    -3.021 r  u_clocks/u_gpu/O
                         net (fo=906, routed)         1.498    -1.523    u_gpu_reset/clk_gpu
    SLICE_X44Y108        FDPE                                         r  u_gpu_reset/reset_pipe_reg[0]/C





Min Delay Paths
--------------------------------------------------------------------------------------
Slack:                    inf
  Source:                 CPU_RESETN
                            (input port)
  Destination:            u_gpu_reset/reset_pipe_reg[0]/PRE
                            (removal check against rising-edge clock gpu_raw  {rise@0.000ns fall@80.000ns period=160.000ns})
  Path Group:             (none)
  Path Type:              Removal (Min at Fast Process Corner)
  Data Path Delay:        1.813ns  (logic 0.320ns (17.624%)  route 1.494ns (82.376%))
  Logic Levels:           2  (IBUF=1 LUT2=1)
  Clock Path Skew:        -0.842ns (DCD - SCD - CPR)
    Destination Clock Delay (DCD):    -0.842ns
    Source Clock Delay      (SCD):    0.000ns
    Clock Pessimism Removal (CPR):    -0.000ns
  Timing Exception:       False Path

    Location             Delay type                Incr(ns)  Path(ns)    Netlist Resource(s)
  -------------------------------------------------------------------    -------------------
    C12                                               0.000     0.000 r  CPU_RESETN (IN)
                         net (fo=0)                   0.000     0.000    CPU_RESETN
    C12                  IBUF (Prop_ibuf_I_O)         0.275     0.275 r  CPU_RESETN_IBUF_inst/O
                         net (fo=2, routed)           1.303     1.578    u_clocks/CPU_RESETN_IBUF
    SLICE_X44Y108        LUT2 (Prop_lut2_I0_O)        0.045     1.623 f  u_clocks/reset_pipe[2]_i_1/O
                         net (fo=6, routed)           0.190     1.813    u_gpu_reset/AS[0]
    SLICE_X44Y108        FDPE                                         f  u_gpu_reset/reset_pipe_reg[0]/PRE
  -------------------------------------------------------------------    -------------------

                         (clock gpu_raw rise edge)    0.000     0.000 r  
    E3                                                0.000     0.000 r  CLK100MHZ (IN)
                         net (fo=0)                   0.000     0.000    u_clocks/CLK100MHZ
    E3                   IBUF (Prop_ibuf_I_O)         0.438     0.438 r  u_clocks/u_input/O
                         net (fo=1, routed)           0.480     0.918    u_clocks/input_clock
    MMCME2_ADV_X1Y2      MMCME2_ADV (Prop_mmcme2_adv_CLKIN1_CLKOUT1)
                                                     -3.163    -2.245 r  u_clocks/u_mmcm/CLKOUT1
                         net (fo=1, routed)           0.544    -1.702    u_clocks/gpu_raw
    BUFGCTRL_X0Y16       BUFG (Prop_bufg_I_O)         0.029    -1.673 r  u_clocks/u_gpu/O
                         net (fo=906, routed)         0.831    -0.842    u_gpu_reset/clk_gpu
    SLICE_X44Y108        FDPE                                         r  u_gpu_reset/reset_pipe_reg[0]/C





--------------------------------------------------------------------------------------
Path Group:  (none)
From Clock:  
  To Clock:  pixel_raw

Max Delay             3 Endpoints
Min Delay             3 Endpoints
--------------------------------------------------------------------------------------


Max Delay Paths
--------------------------------------------------------------------------------------
Slack:                    inf
  Source:                 CPU_RESETN
                            (input port)
  Destination:            u_pixel_reset/reset_pipe_reg[0]/PRE
                            (recovery check against rising-edge clock pixel_raw  {rise@0.000ns fall@20.000ns period=40.000ns})
  Path Group:             (none)
  Path Type:              Recovery (Max at Slow Process Corner)
  Data Path Delay:        5.572ns  (logic 1.631ns (29.272%)  route 3.941ns (70.728%))
  Logic Levels:           2  (IBUF=1 LUT2=1)
  Clock Path Skew:        -1.529ns (DCD - SCD + CPR)
    Destination Clock Delay (DCD):    -1.529ns
    Source Clock Delay      (SCD):    0.000ns
    Clock Pessimism Removal (CPR):    0.000ns
  Clock Uncertainty:      0.210ns  ((TSJ^2 + DJ^2)^1/2) / 2 + PE
    Total System Jitter     (TSJ):    0.050ns
    Discrete Jitter          (DJ):    0.186ns
    Phase Error              (PE):    0.114ns
  Timing Exception:       False Path

    Location             Delay type                Incr(ns)  Path(ns)    Netlist Resource(s)
  -------------------------------------------------------------------    -------------------
    C12                                               0.000     0.000 r  CPU_RESETN (IN)
                         net (fo=0)                   0.000     0.000    CPU_RESETN
    C12                  IBUF (Prop_ibuf_I_O)         1.507     1.507 r  CPU_RESETN_IBUF_inst/O
                         net (fo=2, routed)           3.064     4.571    u_clocks/CPU_RESETN_IBUF
    SLICE_X44Y108        LUT2 (Prop_lut2_I0_O)        0.124     4.695 f  u_clocks/reset_pipe[2]_i_1/O
                         net (fo=6, routed)           0.877     5.572    u_pixel_reset/AS[0]
    SLICE_X45Y116        FDPE                                         f  u_pixel_reset/reset_pipe_reg[0]/PRE
  -------------------------------------------------------------------    -------------------

                         (clock pixel_raw rise edge)
                                                      0.000     0.000 r  
    E3                                                0.000     0.000 r  CLK100MHZ (IN)
                         net (fo=0)                   0.000     0.000    u_clocks/CLK100MHZ
    E3                   IBUF (Prop_ibuf_I_O)         1.411     1.411 r  u_clocks/u_input/O
                         net (fo=1, routed)           1.162     2.573    u_clocks/input_clock
    MMCME2_ADV_X1Y2      MMCME2_ADV (Prop_mmcme2_adv_CLKIN1_CLKOUT0)
                                                     -7.324    -4.751 r  u_clocks/u_mmcm/CLKOUT0
                         net (fo=1, routed)           1.639    -3.112    u_clocks/pixel_raw
    BUFGCTRL_X0Y17       BUFG (Prop_bufg_I_O)         0.091    -3.021 r  u_clocks/u_pixel/O
                         net (fo=126, routed)         1.492    -1.529    u_pixel_reset/clk_pixel
    SLICE_X45Y116        FDPE                                         r  u_pixel_reset/reset_pipe_reg[0]/C





Min Delay Paths
--------------------------------------------------------------------------------------
Slack:                    inf
  Source:                 CPU_RESETN
                            (input port)
  Destination:            u_pixel_reset/reset_pipe_reg[0]/PRE
                            (removal check against rising-edge clock pixel_raw  {rise@0.000ns fall@20.000ns period=40.000ns})
  Path Group:             (none)
  Path Type:              Removal (Min at Fast Process Corner)
  Data Path Delay:        1.950ns  (logic 0.320ns (16.393%)  route 1.630ns (83.607%))
  Logic Levels:           2  (IBUF=1 LUT2=1)
  Clock Path Skew:        -0.848ns (DCD - SCD - CPR)
    Destination Clock Delay (DCD):    -0.848ns
    Source Clock Delay      (SCD):    0.000ns
    Clock Pessimism Removal (CPR):    -0.000ns
  Timing Exception:       False Path

    Location             Delay type                Incr(ns)  Path(ns)    Netlist Resource(s)
  -------------------------------------------------------------------    -------------------
    C12                                               0.000     0.000 r  CPU_RESETN (IN)
                         net (fo=0)                   0.000     0.000    CPU_RESETN
    C12                  IBUF (Prop_ibuf_I_O)         0.275     0.275 r  CPU_RESETN_IBUF_inst/O
                         net (fo=2, routed)           1.303     1.578    u_clocks/CPU_RESETN_IBUF
    SLICE_X44Y108        LUT2 (Prop_lut2_I0_O)        0.045     1.623 f  u_clocks/reset_pipe[2]_i_1/O
                         net (fo=6, routed)           0.327     1.950    u_pixel_reset/AS[0]
    SLICE_X45Y116        FDPE                                         f  u_pixel_reset/reset_pipe_reg[0]/PRE
  -------------------------------------------------------------------    -------------------

                         (clock pixel_raw rise edge)
                                                      0.000     0.000 r  
    E3                                                0.000     0.000 r  CLK100MHZ (IN)
                         net (fo=0)                   0.000     0.000    u_clocks/CLK100MHZ
    E3                   IBUF (Prop_ibuf_I_O)         0.438     0.438 r  u_clocks/u_input/O
                         net (fo=1, routed)           0.480     0.918    u_clocks/input_clock
    MMCME2_ADV_X1Y2      MMCME2_ADV (Prop_mmcme2_adv_CLKIN1_CLKOUT0)
                                                     -3.163    -2.245 r  u_clocks/u_mmcm/CLKOUT0
                         net (fo=1, routed)           0.544    -1.702    u_clocks/pixel_raw
    BUFGCTRL_X0Y17       BUFG (Prop_bufg_I_O)         0.029    -1.673 r  u_clocks/u_pixel/O
                         net (fo=126, routed)         0.825    -0.848    u_pixel_reset/clk_pixel
    SLICE_X45Y116        FDPE                                         r  u_pixel_reset/reset_pipe_reg[0]/C





--------------------------------------------------------------------------------------
Path Group:  (none)
From Clock:  
  To Clock:  gpu_raw

Max Delay           159 Endpoints
Min Delay           159 Endpoints
--------------------------------------------------------------------------------------


Max Delay Paths
--------------------------------------------------------------------------------------
Slack:                    inf
  Source:                 u_gpu/u_rasterizer/dcolor_num_x_return1__1/ACOUT[29]
                            (internal pin)
  Destination:            u_gpu/u_rasterizer/dclorB_x_num_reg/PCIN[0]
                            (rising edge-triggered cell DSP48E1 clocked by gpu_raw  {rise@0.000ns fall@80.000ns period=160.000ns})
  Path Group:             (none)
  Path Type:              Setup (Max at Slow Process Corner)
  Data Path Delay:        3.837ns  (logic 3.833ns (99.896%)  route 0.004ns (0.104%))
  Logic Levels:           1  (DSP48E1=1)
  Clock Uncertainty:      0.238ns  ((TSJ^2 + DJ^2)^1/2) / 2 + PE
    Total System Jitter     (TSJ):    0.050ns
    Discrete Jitter          (DJ):    0.243ns
    Phase Error              (PE):    0.114ns

    Location             Delay type                Incr(ns)  Path(ns)    Netlist Resource(s)
  -------------------------------------------------------------------    -------------------
    DSP48_X1Y17          DSP48E1                      0.000     0.000 r  u_gpu/u_rasterizer/dcolor_num_x_return1__1/ACOUT[29]
                         net (fo=1, routed)           0.002     0.002    u_gpu/u_rasterizer/dcolor_num_x_return1__1_n_24
    DSP48_X1Y18          DSP48E1 (Prop_dsp48e1_ACIN[29]_PCOUT[0])
                                                      3.833     3.835 r  u_gpu/u_rasterizer/dcolor_num_x_return__1/PCOUT[0]
                         net (fo=1, routed)           0.002     3.837    u_gpu/u_rasterizer/dcolor_num_x_return__1_n_153
    DSP48_X1Y19          DSP48E1                                      r  u_gpu/u_rasterizer/dclorB_x_num_reg/PCIN[0]
  -------------------------------------------------------------------    -------------------

                         (clock gpu_raw rise edge)    0.000     0.000 r  
    E3                                                0.000     0.000 r  CLK100MHZ (IN)
                         net (fo=0)                   0.000     0.000    u_clocks/CLK100MHZ
    E3                   IBUF (Prop_ibuf_I_O)         1.411     1.411 r  u_clocks/u_input/O
                         net (fo=1, routed)           1.162     2.573    u_clocks/input_clock
    MMCME2_ADV_X1Y2      MMCME2_ADV (Prop_mmcme2_adv_CLKIN1_CLKOUT1)
                                                     -7.324    -4.751 r  u_clocks/u_mmcm/CLKOUT1
                         net (fo=1, routed)           1.639    -3.112    u_clocks/gpu_raw
    BUFGCTRL_X0Y16       BUFG (Prop_bufg_I_O)         0.091    -3.021 r  u_clocks/u_gpu/O
                         net (fo=906, routed)         1.761    -1.260    u_gpu/u_rasterizer/clk_gpu
    DSP48_X1Y19          DSP48E1                                      r  u_gpu/u_rasterizer/dclorB_x_num_reg/CLK





Min Delay Paths
--------------------------------------------------------------------------------------
Slack:                    inf
  Source:                 u_gpu/u_rasterizer/dcolor_num_y_return__1/ACOUT[0]
                            (internal pin)
  Destination:            u_gpu/u_rasterizer/dclorB_y_num_reg/ACIN[0]
                            (rising edge-triggered cell DSP48E1 clocked by gpu_raw  {rise@0.000ns fall@80.000ns period=160.000ns})
  Path Group:             (none)
  Path Type:              Hold (Min at Slow Process Corner)
  Data Path Delay:        0.002ns  (logic 0.000ns (0.000%)  route 0.002ns (100.000%))
  Logic Levels:           0  
  Clock Uncertainty:      0.238ns  ((TSJ^2 + DJ^2)^1/2) / 2 + PE
    Total System Jitter     (TSJ):    0.050ns
    Discrete Jitter          (DJ):    0.243ns
    Phase Error              (PE):    0.114ns

    Location             Delay type                Incr(ns)  Path(ns)    Netlist Resource(s)
  -------------------------------------------------------------------    -------------------
    DSP48_X1Y21          DSP48E1                      0.000     0.000 r  u_gpu/u_rasterizer/dcolor_num_y_return__1/ACOUT[0]
                         net (fo=1, routed)           0.002     0.002    u_gpu/u_rasterizer/dcolor_num_y_return__1_n_53
    DSP48_X1Y22          DSP48E1                                      r  u_gpu/u_rasterizer/dclorB_y_num_reg/ACIN[0]
  -------------------------------------------------------------------    -------------------

                         (clock gpu_raw rise edge)    0.000     0.000 r  
    E3                                                0.000     0.000 r  CLK100MHZ (IN)
                         net (fo=0)                   0.000     0.000    u_clocks/CLK100MHZ
    E3                   IBUF (Prop_ibuf_I_O)         1.482     1.482 r  u_clocks/u_input/O
                         net (fo=1, routed)           1.233     2.715    u_clocks/input_clock
    MMCME2_ADV_X1Y2      MMCME2_ADV (Prop_mmcme2_adv_CLKIN1_CLKOUT1)
                                                     -7.070    -4.355 r  u_clocks/u_mmcm/CLKOUT1
                         net (fo=1, routed)           1.719    -2.636    u_clocks/gpu_raw
    BUFGCTRL_X0Y16       BUFG (Prop_bufg_I_O)         0.096    -2.540 r  u_clocks/u_gpu/O
                         net (fo=906, routed)         1.716    -0.824    u_gpu/u_rasterizer/clk_gpu
    DSP48_X1Y22          DSP48E1                                      r  u_gpu/u_rasterizer/dclorB_y_num_reg/CLK





--------------------------------------------------------------------------------------
Path Group:  (none)
From Clock:  
  To Clock:  pixel_raw

Max Delay             3 Endpoints
Min Delay             3 Endpoints
--------------------------------------------------------------------------------------


Max Delay Paths
--------------------------------------------------------------------------------------
Slack:                    inf
  Source:                 u_clocks/u_mmcm/LOCKED
                            (internal pin)
  Destination:            u_pixel_reset/reset_pipe_reg[0]/PRE
                            (recovery check against rising-edge clock pixel_raw  {rise@0.000ns fall@20.000ns period=40.000ns})
  Path Group:             (none)
  Path Type:              Recovery (Max at Slow Process Corner)
  Data Path Delay:        3.445ns  (logic 0.124ns (3.600%)  route 3.321ns (96.400%))
  Logic Levels:           1  (LUT2=1)
  Clock Uncertainty:      0.210ns  ((TSJ^2 + DJ^2)^1/2) / 2 + PE
    Total System Jitter     (TSJ):    0.050ns
    Discrete Jitter          (DJ):    0.186ns
    Phase Error              (PE):    0.114ns

    Location             Delay type                Incr(ns)  Path(ns)    Netlist Resource(s)
  -------------------------------------------------------------------    -------------------
    MMCME2_ADV_X1Y2      MMCME2_ADV                   0.000     0.000 r  u_clocks/u_mmcm/LOCKED
                         net (fo=2, routed)           2.444     2.444    u_clocks/locked
    SLICE_X44Y108        LUT2 (Prop_lut2_I1_O)        0.124     2.568 f  u_clocks/reset_pipe[2]_i_1/O
                         net (fo=6, routed)           0.877     3.445    u_pixel_reset/AS[0]
    SLICE_X45Y116        FDPE                                         f  u_pixel_reset/reset_pipe_reg[0]/PRE
  -------------------------------------------------------------------    -------------------

                         (clock pixel_raw rise edge)
                                                      0.000     0.000 r  
    E3                                                0.000     0.000 r  CLK100MHZ (IN)
                         net (fo=0)                   0.000     0.000    u_clocks/CLK100MHZ
    E3                   IBUF (Prop_ibuf_I_O)         1.411     1.411 r  u_clocks/u_input/O
                         net (fo=1, routed)           1.162     2.573    u_clocks/input_clock
    MMCME2_ADV_X1Y2      MMCME2_ADV (Prop_mmcme2_adv_CLKIN1_CLKOUT0)
                                                     -7.324    -4.751 r  u_clocks/u_mmcm/CLKOUT0
                         net (fo=1, routed)           1.639    -3.112    u_clocks/pixel_raw
    BUFGCTRL_X0Y17       BUFG (Prop_bufg_I_O)         0.091    -3.021 r  u_clocks/u_pixel/O
                         net (fo=126, routed)         1.492    -1.529    u_pixel_reset/clk_pixel
    SLICE_X45Y116        FDPE                                         r  u_pixel_reset/reset_pipe_reg[0]/C





Min Delay Paths
--------------------------------------------------------------------------------------
Slack:                    inf
  Source:                 u_clocks/u_mmcm/LOCKED
                            (internal pin)
  Destination:            u_pixel_reset/reset_pipe_reg[0]/PRE
                            (removal check against rising-edge clock pixel_raw  {rise@0.000ns fall@20.000ns period=40.000ns})
  Path Group:             (none)
  Path Type:              Removal (Min at Fast Process Corner)
  Data Path Delay:        1.519ns  (logic 0.045ns (2.963%)  route 1.474ns (97.037%))
  Logic Levels:           1  (LUT2=1)
  Clock Uncertainty:      0.210ns  ((TSJ^2 + DJ^2)^1/2) / 2 + PE
    Total System Jitter     (TSJ):    0.050ns
    Discrete Jitter          (DJ):    0.186ns
    Phase Error              (PE):    0.114ns

    Location             Delay type                Incr(ns)  Path(ns)    Netlist Resource(s)
  -------------------------------------------------------------------    -------------------
    MMCME2_ADV_X1Y2      MMCME2_ADV                   0.000     0.000 r  u_clocks/u_mmcm/LOCKED
                         net (fo=2, routed)           1.147     1.147    u_clocks/locked
    SLICE_X44Y108        LUT2 (Prop_lut2_I1_O)        0.045     1.192 f  u_clocks/reset_pipe[2]_i_1/O
                         net (fo=6, routed)           0.327     1.519    u_pixel_reset/AS[0]
    SLICE_X45Y116        FDPE                                         f  u_pixel_reset/reset_pipe_reg[0]/PRE
  -------------------------------------------------------------------    -------------------

                         (clock pixel_raw rise edge)
                                                      0.000     0.000 r  
    E3                                                0.000     0.000 r  CLK100MHZ (IN)
                         net (fo=0)                   0.000     0.000    u_clocks/CLK100MHZ
    E3                   IBUF (Prop_ibuf_I_O)         0.438     0.438 r  u_clocks/u_input/O
                         net (fo=1, routed)           0.480     0.918    u_clocks/input_clock
    MMCME2_ADV_X1Y2      MMCME2_ADV (Prop_mmcme2_adv_CLKIN1_CLKOUT0)
                                                     -3.163    -2.245 r  u_clocks/u_mmcm/CLKOUT0
                         net (fo=1, routed)           0.544    -1.702    u_clocks/pixel_raw
    BUFGCTRL_X0Y17       BUFG (Prop_bufg_I_O)         0.029    -1.673 r  u_clocks/u_pixel/O
                         net (fo=126, routed)         0.825    -0.848    u_pixel_reset/clk_pixel
    SLICE_X45Y116        FDPE                                         r  u_pixel_reset/reset_pipe_reg[0]/C





